student_id,badge,date_awarded
S0001,Top Performer,2025-04-06
S0001,Consistent Learner,2025-04-07
S0001,Consistent Learner,2024-11-25
S0001,Improved Significantly,2025-04-18
S0002,Top Performer,2025-05-25
S0002,Consistent Learner,2025-01-16
S0002,Improved Significantly,2025-01-21
S0002,Subject Star,2024-12-20
S0003,Consistent Learner,2025-03-29
S0004,Top Performer,2025-02-01
S0005,Quiz Champion,2025-01-25
S0005,Consistent Learner,2025-05-08
S0005,Improved Significantly,2025-02-06
S0005,Top Performer,2025-04-20
S0006,Top Performer,2025-04-14
S0007,Quiz Champion,2024-12-21
S0007,Subject Star,2025-01-26
S0007,Consistent Learner,2024-12-21
S0008,Improved Significantly,2025-05-22
S0008,Consistent Learner,2025-02-26
S0008,Consistent Learner,2024-12-31
S0009,Subject Star,2025-03-03
S0009,Improved Significantly,2025-05-21
S0010,Consistent Learner,2024-11-26
S0010,Top Performer,2025-01-27
S0011,Top Performer,2025-04-30
S0011,Quiz Champion,2025-02-21
S0011,Top Performer,2025-04-06
S0012,Quiz Champion,2025-01-08
S0012,Improved Significantly,2025-03-25
S0012,Improved Significantly,2024-12-28
S0012,Quiz Champion,2025-04-22
S0013,Subject Star,2025-04-15
S0014,Quiz Champion,2025-01-07
S0015,Quiz Champion,2025-01-03
S0015,Quiz Champion,2025-03-23
S0015,Top Performer,2024-12-04
S0016,Improved Significantly,2025-04-15
S0016,Subject Star,2025-03-21
S0016,Quiz Champion,2025-04-02
S0017,Subject Star,2025-01-14
S0017,Improved Significantly,2025-05-23
S0017,Consistent Learner,2025-03-13
S0017,Consistent Learner,2025-02-03
S0018,Top Performer,2025-01-09
S0018,Top Performer,2025-05-15
S0019,Consistent Learner,2025-03-19
S0020,Top Performer,2024-12-23
S0020,Consistent Learner,2025-05-23
S0020,Improved Significantly,2024-12-10
S0020,Quiz Champion,2025-02-15
S0021,Consistent Learner,2025-01-10
S0021,Subject Star,2025-02-24
S0021,Subject Star,2025-02-05
S0022,Top Performer,2024-12-18
S0023,Subject Star,2025-03-07
S0023,Improved Significantly,2025-03-19
S0023,Subject Star,2025-01-11
S0023,Quiz Champion,2025-03-02
S0024,Quiz Champion,2025-04-04
S0025,Quiz Champion,2025-01-24
S0025,Quiz Champion,2025-03-22
S0025,Top Performer,2024-12-19
S0025,Consistent Learner,2025-05-07
S0026,Quiz Champion,2025-02-14
S0026,Consistent Learner,2025-01-06
S0026,Improved Significantly,2025-03-03
S0026,Consistent Learner,2025-02-16
S0027,Improved Significantly,2025-04-25
S0027,Improved Significantly,2024-12-30
S0027,Quiz Champion,2025-01-02
S0028,Improved Significantly,2025-01-02
S0029,Consistent Learner,2024-12-09
S0029,Consistent Learner,2025-05-09
S0029,Subject Star,2025-02-07
S0029,Quiz Champion,2025-03-04
S0030,Consistent Learner,2025-05-24
S0030,Subject Star,2025-03-30
S0031,Improved Significantly,2025-02-02
S0032,Improved Significantly,2025-04-14
S0032,Consistent Learner,2025-05-23
S0032,Subject Star,2025-05-11
S0033,Quiz Champion,2025-05-19
S0033,Quiz Champion,2025-05-20
S0034,Subject Star,2025-03-10
S0034,Subject Star,2025-04-16
S0034,Top Performer,2025-03-07
S0035,Top Performer,2024-11-27
S0035,Subject Star,2025-02-25
S0036,Improved Significantly,2025-04-10
S0037,Subject Star,2025-05-16
S0038,Improved Significantly,2025-05-14
S0038,Subject Star,2024-11-27
S0038,Improved Significantly,2025-01-24
S0039,Top Performer,2025-04-01
S0039,Consistent Learner,2025-05-18
S0039,Subject Star,2025-01-03
S0039,Subject Star,2024-12-10
S0040,Top Performer,2025-02-08
S0040,Quiz Champion,2025-03-13
S0041,Top Performer,2024-12-15
S0041,Improved Significantly,2025-02-04
S0041,Top Performer,2025-04-17
S0041,Subject Star,2024-11-25
S0042,Top Performer,2025-02-19
S0043,Quiz Champion,2025-03-29
S0043,Subject Star,2025-03-03
S0043,Improved Significantly,2025-01-19
S0044,Quiz Champion,2025-01-25
S0045,Subject Star,2025-05-05
S0046,Top Performer,2025-04-10
S0046,Subject Star,2025-04-11
S0046,Subject Star,2025-03-21
S0047,Subject Star,2025-04-25
S0047,Improved Significantly,2025-04-02
S0047,Subject Star,2025-03-25
S0048,Subject Star,2025-03-18
S0048,Quiz Champion,2025-03-17
S0049,Improved Significantly,2024-11-28
S0050,Improved Significantly,2025-03-12
S0050,Top Performer,2024-12-07
S0050,Quiz Champion,2025-03-07
S0051,Improved Significantly,2025-01-27
S0051,Consistent Learner,2025-05-19
S0052,Consistent Learner,2025-01-09
S0052,Quiz Champion,2025-03-17
S0053,Consistent Learner,2025-02-10
S0053,Subject Star,2025-05-07
S0053,Subject Star,2025-03-22
S0053,Improved Significantly,2025-04-23
S0054,Consistent Learner,2025-02-21
S0054,Subject Star,2025-03-07
S0055,Subject Star,2025-04-24
S0055,Quiz Champion,2025-02-13
S0055,Subject Star,2025-03-24
S0055,Subject Star,2025-04-13
S0056,Subject Star,2025-01-09
S0056,Improved Significantly,2024-12-29
S0056,Consistent Learner,2024-12-06
S0056,Top Performer,2025-01-09
S0057,Improved Significantly,2025-05-06
S0057,Quiz Champion,2024-12-16
S0058,Consistent Learner,2025-05-21
S0058,Quiz Champion,2025-04-30
S0059,Consistent Learner,2025-04-23
S0060,Quiz Champion,2025-05-15
S0060,Top Performer,2025-03-23
S0060,Top Performer,2025-05-11
S0061,Subject Star,2025-03-12
S0062,Quiz Champion,2025-02-15
S0063,Quiz Champion,2025-03-12
S0064,Subject Star,2025-05-16
S0065,Top Performer,2025-01-20
S0065,Improved Significantly,2024-12-27
S0065,Top Performer,2025-01-25
S0065,Top Performer,2024-12-25
S0066,Subject Star,2025-04-18
S0066,Improved Significantly,2025-04-28
S0067,Top Performer,2025-01-22
S0067,Improved Significantly,2025-02-23
S0067,Subject Star,2025-01-06
S0068,Improved Significantly,2025-03-02
S0068,Consistent Learner,2025-03-09
S0068,Consistent Learner,2025-01-22
S0068,Improved Significantly,2025-04-15
S0069,Top Performer,2024-12-04
S0069,Consistent Learner,2025-04-28
S0069,Top Performer,2025-05-21
S0069,Consistent Learner,2025-01-03
S0070,Consistent Learner,2025-04-01
S0071,Consistent Learner,2025-01-20
S0071,Quiz Champion,2024-12-31
S0072,Subject Star,2025-04-23
S0073,Subject Star,2024-12-14
S0073,Quiz Champion,2025-03-30
S0073,Improved Significantly,2024-12-06
S0073,Subject Star,2025-03-07
S0074,Top Performer,2025-03-21
S0074,Top Performer,2024-12-27
S0074,Consistent Learner,2025-02-04
S0075,Top Performer,2025-05-21
S0075,Quiz Champion,2025-02-21
S0076,Subject Star,2024-12-17
S0076,Improved Significantly,2024-11-26
S0076,Subject Star,2025-04-30
S0076,Subject Star,2025-03-26
S0077,Subject Star,2025-05-01
S0077,Improved Significantly,2025-03-07
S0077,Consistent Learner,2024-12-19
S0077,Consistent Learner,2024-12-02
S0078,Quiz Champion,2025-05-06
S0078,Top Performer,2025-01-16
S0078,Subject Star,2024-12-13
S0079,Improved Significantly,2025-04-28
S0079,Consistent Learner,2025-05-15
S0080,Quiz Champion,2025-01-21
S0081,Quiz Champion,2025-04-06
S0082,Subject Star,2025-01-14
S0083,Quiz Champion,2025-04-16
S0083,Quiz Champion,2025-04-02
S0084,Improved Significantly,2025-01-26
S0084,Top Performer,2025-03-12
S0085,Subject Star,2025-02-11
S0085,Improved Significantly,2025-04-15
S0086,Improved Significantly,2025-05-06
S0086,Consistent Learner,2025-01-09
S0086,Top Performer,2025-01-26
S0087,Consistent Learner,2024-12-30
S0087,Top Performer,2025-05-17
S0087,Subject Star,2025-04-04
S0088,Improved Significantly,2025-03-12
S0088,Quiz Champion,2025-03-21
S0088,Improved Significantly,2025-05-04
S0088,Consistent Learner,2025-04-24
S0089,Consistent Learner,2025-01-11
S0089,Top Performer,2024-12-05
S0089,Quiz Champion,2025-05-11
S0090,Top Performer,2025-01-22
S0090,Improved Significantly,2025-04-11
S0090,Top Performer,2025-03-15
S0091,Improved Significantly,2025-04-19
S0091,Quiz Champion,2024-12-01
S0092,Subject Star,2024-12-01
S0092,Consistent Learner,2025-05-24
S0092,Improved Significantly,2024-12-18
S0092,Consistent Learner,2025-05-09
S0093,Quiz Champion,2024-12-13
S0093,Top Performer,2025-03-07
S0093,Top Performer,2024-11-28
S0093,Subject Star,2024-12-16
S0094,Top Performer,2025-03-03
S0094,Subject Star,2025-02-25
S0094,Improved Significantly,2025-02-11
S0095,Subject Star,2025-04-29
S0096,Improved Significantly,2025-02-09
S0096,Top Performer,2024-12-09
S0096,Consistent Learner,2025-01-29
S0096,Quiz Champion,2025-03-13
S0097,Quiz Champion,2025-03-10
S0097,Consistent Learner,2025-03-27
S0098,Consistent Learner,2024-12-19
S0099,Top Performer,2025-03-30
S0099,Subject Star,2025-04-30
S0099,Subject Star,2024-12-09
S0099,Improved Significantly,2025-01-15
S0100,Top Performer,2025-03-21
S0100,Top Performer,2025-03-08
S0100,Top Performer,2025-03-09
S0100,Subject Star,2025-05-20
S0101,Subject Star,2025-03-13
S0102,Quiz Champion,2025-04-10
S0102,Improved Significantly,2025-05-24
S0102,Subject Star,2025-02-22
S0103,Top Performer,2025-02-15
S0103,Consistent Learner,2025-02-08
S0103,Subject Star,2025-03-02
S0103,Subject Star,2025-01-29
S0104,Subject Star,2025-02-12
S0104,Top Performer,2025-01-06
S0105,Consistent Learner,2025-04-27
S0105,Improved Significantly,2025-04-05
S0105,Subject Star,2025-04-22
S0106,Subject Star,2025-05-01
S0107,Consistent Learner,2025-04-30
S0107,Quiz Champion,2025-01-22
S0108,Consistent Learner,2025-03-28
S0108,Top Performer,2025-05-21
S0108,Top Performer,2025-05-10
S0108,Top Performer,2025-02-23
S0109,Improved Significantly,2025-04-09
S0109,Consistent Learner,2025-05-09
S0110,Consistent Learner,2025-05-16
S0110,Quiz Champion,2025-02-26
S0110,Consistent Learner,2025-01-31
S0111,Improved Significantly,2024-12-26
S0112,Consistent Learner,2025-01-12
S0112,Consistent Learner,2025-03-02
S0112,Improved Significantly,2024-12-08
S0112,Subject Star,2024-11-26
S0113,Top Performer,2025-02-17
S0113,Subject Star,2025-03-06
S0113,Subject Star,2025-01-18
S0113,Quiz Champion,2024-12-21
S0114,Consistent Learner,2025-01-05
S0115,Improved Significantly,2025-01-12
S0115,Subject Star,2025-02-05
S0115,Improved Significantly,2025-03-10
S0115,Quiz Champion,2025-02-24
S0116,Top Performer,2024-12-23
S0116,Improved Significantly,2024-12-08
S0116,Quiz Champion,2025-02-06
S0116,Top Performer,2025-05-01
S0117,Consistent Learner,2025-02-07
S0117,Improved Significantly,2025-04-24
S0117,Consistent Learner,2025-02-19
S0117,Consistent Learner,2025-02-10
S0118,Improved Significantly,2025-01-31
S0118,Improved Significantly,2025-04-19
S0118,Quiz Champion,2024-11-25
S0119,Subject Star,2025-01-01
S0119,Consistent Learner,2025-03-14
S0120,Improved Significantly,2025-03-30
S0120,Subject Star,2025-05-13
S0121,Improved Significantly,2025-01-10
S0121,Quiz Champion,2025-01-22
S0122,Top Performer,2025-05-14
S0122,Top Performer,2025-02-20
S0122,Consistent Learner,2024-12-31
S0123,Improved Significantly,2025-05-22
S0123,Consistent Learner,2025-03-21
S0123,Top Performer,2025-01-20
S0123,Quiz Champion,2025-01-07
S0124,Quiz Champion,2025-03-27
S0124,Top Performer,2025-04-25
S0124,Consistent Learner,2025-01-18
S0125,Subject Star,2025-04-13
S0125,Top Performer,2024-12-24
S0126,Subject Star,2025-03-05
S0126,Subject Star,2025-01-26
S0126,Consistent Learner,2024-12-29
S0127,Quiz Champion,2024-12-05
S0127,Quiz Champion,2024-11-24
S0127,Subject Star,2025-03-05
S0128,Quiz Champion,2025-03-03
S0129,Improved Significantly,2025-04-19
S0129,Improved Significantly,2025-01-05
S0130,Quiz Champion,2025-01-06
S0130,Improved Significantly,2025-03-03
S0130,Consistent Learner,2025-02-19
S0131,Consistent Learner,2025-02-16
S0132,Subject Star,2025-01-03
S0133,Top Performer,2025-05-01
S0133,Subject Star,2025-04-27
S0134,Consistent Learner,2025-04-11
S0134,Improved Significantly,2025-05-08
S0135,Quiz Champion,2025-04-12
S0136,Improved Significantly,2024-12-04
S0136,Consistent Learner,2025-03-29
S0136,Consistent Learner,2025-01-13
S0136,Consistent Learner,2025-03-13
S0137,Top Performer,2025-03-28
S0138,Quiz Champion,2025-01-27
S0138,Quiz Champion,2025-02-20
S0139,Quiz Champion,2025-01-17
S0139,Top Performer,2024-12-09
S0139,Consistent Learner,2025-03-11
S0140,Top Performer,2025-04-29
S0140,Top Performer,2025-03-05
S0141,Quiz Champion,2025-01-29
S0141,Top Performer,2025-05-02
S0141,Top Performer,2025-03-23
S0141,Improved Significantly,2025-01-07
S0142,Top Performer,2025-04-23
S0143,Consistent Learner,2025-03-18
S0144,Improved Significantly,2025-02-23
S0144,Improved Significantly,2025-01-18
S0145,Improved Significantly,2025-03-23
S0145,Consistent Learner,2025-02-13
S0146,Consistent Learner,2024-11-27
S0146,Subject Star,2024-11-27
S0147,Consistent Learner,2025-01-13
S0147,Consistent Learner,2025-03-11
S0147,Quiz Champion,2025-01-23
S0148,Top Performer,2024-12-04
S0148,Consistent Learner,2025-01-24
S0149,Top Performer,2025-01-12
S0149,Subject Star,2025-03-06
S0150,Improved Significantly,2025-04-06
S0150,Consistent Learner,2024-12-01
S0151,Consistent Learner,2025-04-07
S0151,Quiz Champion,2025-01-30
S0151,Quiz Champion,2025-03-23
S0151,Improved Significantly,2024-12-15
S0152,Top Performer,2025-02-19
S0153,Consistent Learner,2025-01-14
S0154,Top Performer,2025-01-27
S0154,Quiz Champion,2025-02-02
S0154,Top Performer,2025-04-06
S0154,Subject Star,2025-03-03
S0155,Subject Star,2024-11-25
S0155,Quiz Champion,2025-04-04
S0155,Top Performer,2024-12-08
S0156,Top Performer,2024-12-20
S0156,Improved Significantly,2024-12-29
S0156,Consistent Learner,2025-05-23
S0156,Subject Star,2025-01-31
S0157,Subject Star,2025-01-15
S0157,Consistent Learner,2025-04-14
S0157,Consistent Learner,2024-12-23
S0158,Improved Significantly,2024-12-15
S0158,Improved Significantly,2025-01-04
S0158,Quiz Champion,2025-02-11
S0159,Quiz Champion,2025-03-21
S0159,Consistent Learner,2025-03-22
S0159,Improved Significantly,2025-04-23
S0160,Consistent Learner,2025-03-24
S0161,Quiz Champion,2024-12-12
S0162,Improved Significantly,2025-05-20
S0163,Subject Star,2025-01-16
S0164,Top Performer,2025-02-18
S0164,Top Performer,2025-03-23
S0164,Consistent Learner,2025-02-06
S0165,Improved Significantly,2025-05-12
S0166,Top Performer,2024-12-01
S0166,Consistent Learner,2025-01-28
S0166,Top Performer,2025-01-11
S0166,Top Performer,2025-03-15
S0167,Top Performer,2024-12-10
S0168,Subject Star,2025-04-27
S0169,Quiz Champion,2024-12-02
S0169,Quiz Champion,2025-03-31
S0170,Quiz Champion,2024-12-01
S0171,Consistent Learner,2025-01-27
S0171,Quiz Champion,2025-03-30
S0171,Improved Significantly,2025-05-18
S0172,Consistent Learner,2025-05-25
S0172,Consistent Learner,2024-12-14
S0173,Quiz Champion,2025-03-22
S0173,Quiz Champion,2024-12-21
S0173,Subject Star,2024-12-12
S0174,Quiz Champion,2025-05-04
S0174,Quiz Champion,2024-11-28
S0175,Subject Star,2025-05-20
S0176,Improved Significantly,2025-01-21
S0176,Quiz Champion,2025-01-04
S0176,Quiz Champion,2025-02-26
S0177,Improved Significantly,2025-03-15
S0177,Consistent Learner,2025-04-18
S0177,Top Performer,2024-12-14
S0177,Consistent Learner,2025-01-31
S0178,Top Performer,2024-12-08
S0178,Consistent Learner,2025-03-16
S0178,Improved Significantly,2025-03-30
S0178,Consistent Learner,2025-03-13
S0179,Consistent Learner,2025-03-31
S0180,Improved Significantly,2025-04-05
S0180,Consistent Learner,2025-04-11
S0180,Top Performer,2024-12-13
S0181,Improved Significantly,2025-04-19
S0182,Subject Star,2024-12-25
S0183,Top Performer,2025-03-01
S0184,Subject Star,2025-04-25
S0184,Top Performer,2024-12-18
S0184,Quiz Champion,2025-04-10
S0185,Consistent Learner,2025-03-25
S0185,Subject Star,2025-01-24
S0185,Improved Significantly,2025-04-01
S0185,Quiz Champion,2024-12-26
S0186,Quiz Champion,2025-04-14
S0187,Improved Significantly,2025-02-01
S0188,Quiz Champion,2025-03-22
S0189,Quiz Champion,2025-03-07
S0190,Improved Significantly,2024-11-25
S0190,Improved Significantly,2025-01-12
S0190,Consistent Learner,2025-03-15
S0190,Subject Star,2025-01-22
S0191,Quiz Champion,2025-02-21
S0191,Consistent Learner,2025-02-19
S0191,Quiz Champion,2025-04-07
S0191,Quiz Champion,2025-03-19
S0192,Consistent Learner,2024-12-25
S0192,Subject Star,2025-02-23
S0192,Consistent Learner,2025-02-28
S0192,Improved Significantly,2025-01-06
S0193,Improved Significantly,2025-02-17
S0194,Quiz Champion,2025-01-07
S0195,Subject Star,2025-05-09
S0195,Quiz Champion,2025-04-25
S0196,Consistent Learner,2024-12-20
S0196,Improved Significantly,2025-05-08
S0196,Improved Significantly,2025-04-15
S0196,Subject Star,2025-03-12
S0197,Subject Star,2025-05-21
S0198,Subject Star,2025-05-07
S0198,Consistent Learner,2025-01-19
S0198,Subject Star,2024-12-11
S0199,Top Performer,2025-01-26
S0199,Top Performer,2025-01-25
S0200,Improved Significantly,2025-05-21
S0200,Consistent Learner,2025-01-27
S0200,Subject Star,2025-05-20
S0201,Improved Significantly,2025-04-15
S0201,Subject Star,2024-12-09
S0201,Subject Star,2025-05-18
S0202,Subject Star,2025-02-23
S0202,Subject Star,2024-12-08
S0202,Consistent Learner,2025-01-20
S0203,Subject Star,2025-01-06
S0203,Top Performer,2025-05-21
S0203,Consistent Learner,2025-02-03
S0204,Improved Significantly,2025-05-11
S0204,Top Performer,2025-05-17
S0204,Top Performer,2025-01-02
S0205,Subject Star,2025-04-13
S0205,Consistent Learner,2024-12-06
S0206,Top Performer,2025-05-08
S0206,Improved Significantly,2025-02-08
S0206,Top Performer,2025-03-03
S0207,Consistent Learner,2025-04-11
S0207,Quiz Champion,2025-04-16
S0207,Top Performer,2025-02-02
S0207,Quiz Champion,2025-04-11
S0208,Top Performer,2024-12-21
S0208,Improved Significantly,2024-12-04
S0209,Improved Significantly,2024-12-06
S0210,Quiz Champion,2025-04-10
S0210,Improved Significantly,2024-12-26
S0210,Consistent Learner,2025-04-25
S0210,Consistent Learner,2024-11-27
S0211,Subject Star,2025-05-23
S0211,Top Performer,2024-12-18
S0211,Consistent Learner,2025-03-21
S0211,Subject Star,2025-04-02
S0212,Top Performer,2025-03-27
S0212,Subject Star,2025-01-04
S0212,Quiz Champion,2025-05-05
S0213,Consistent Learner,2025-03-23
S0213,Consistent Learner,2024-12-07
S0213,Top Performer,2025-03-31
S0214,Top Performer,2025-04-07
S0214,Subject Star,2025-02-21
S0215,Quiz Champion,2025-02-03
S0215,Quiz Champion,2025-03-06
S0216,Subject Star,2024-12-19
S0216,Quiz Champion,2024-12-22
S0216,Improved Significantly,2024-12-17
S0217,Subject Star,2025-01-01
S0217,Subject Star,2025-01-01
S0217,Consistent Learner,2025-01-29
S0217,Consistent Learner,2025-01-08
S0218,Subject Star,2025-04-23
S0218,Consistent Learner,2024-11-29
S0218,Quiz Champion,2025-04-25
S0218,Quiz Champion,2025-02-10
S0219,Consistent Learner,2025-01-21
S0219,Consistent Learner,2025-04-23
S0219,Improved Significantly,2025-02-11
S0220,Top Performer,2025-02-02
S0220,Top Performer,2024-12-07
S0220,Consistent Learner,2025-03-08
S0220,Improved Significantly,2025-03-03
S0221,Quiz Champion,2025-03-13
S0221,Improved Significantly,2025-04-30
S0221,Improved Significantly,2024-12-10
S0222,Improved Significantly,2025-01-24
S0222,Subject Star,2025-04-04
S0223,Improved Significantly,2025-05-12
S0224,Subject Star,2025-04-21
S0224,Subject Star,2025-01-05
S0225,Consistent Learner,2025-04-01
S0225,Consistent Learner,2025-03-17
S0226,Improved Significantly,2024-12-14
S0226,Improved Significantly,2024-12-09
S0226,Quiz Champion,2024-12-01
S0226,Top Performer,2025-05-22
S0227,Consistent Learner,2025-03-09
S0227,Quiz Champion,2025-03-16
S0228,Subject Star,2024-12-13
S0228,Improved Significantly,2025-01-14
S0229,Quiz Champion,2025-04-03
S0230,Top Performer,2025-02-20
S0231,Improved Significantly,2024-11-26
S0231,Subject Star,2025-03-24
S0232,Subject Star,2025-01-29
S0232,Subject Star,2025-03-13
S0232,Consistent Learner,2025-05-12
S0233,Improved Significantly,2025-04-12
S0233,Improved Significantly,2025-05-11
S0233,Consistent Learner,2024-12-08
S0234,Top Performer,2025-04-08
S0234,Consistent Learner,2025-05-06
S0234,Consistent Learner,2025-01-24
S0235,Subject Star,2024-11-25
S0235,Top Performer,2025-05-08
S0236,Subject Star,2025-01-04
S0236,Consistent Learner,2025-02-08
S0236,Subject Star,2025-02-16
S0236,Consistent Learner,2025-04-02
S0237,Consistent Learner,2025-02-10
S0237,Subject Star,2024-12-09
S0237,Quiz Champion,2024-12-28
S0237,Improved Significantly,2025-02-23
S0238,Consistent Learner,2025-04-24
S0238,Subject Star,2025-01-15
S0239,Quiz Champion,2025-04-10
S0239,Subject Star,2025-05-21
S0239,Consistent Learner,2025-03-07
S0240,Subject Star,2025-04-20
S0241,Consistent Learner,2025-04-20
S0241,Quiz Champion,2025-03-06
S0241,Consistent Learner,2025-05-17
S0242,Improved Significantly,2025-03-02
S0242,Quiz Champion,2025-03-20
S0243,Subject Star,2025-05-23
S0243,Improved Significantly,2025-02-17
S0243,Quiz Champion,2024-12-26
S0243,Improved Significantly,2024-11-29
S0244,Consistent Learner,2025-04-02
S0245,Quiz Champion,2025-05-09
S0245,Top Performer,2024-12-04
S0246,Improved Significantly,2024-12-31
S0246,Improved Significantly,2025-04-18
S0247,Consistent Learner,2024-12-26
S0247,Quiz Champion,2025-03-26
S0247,Top Performer,2025-05-16
S0248,Top Performer,2025-03-12
S0248,Top Performer,2025-02-21
S0248,Quiz Champion,2024-12-23
S0249,Quiz Champion,2024-12-12
S0250,Top Performer,2025-01-28
S0250,Top Performer,2025-03-03
S0251,Quiz Champion,2025-01-26
S0252,Subject Star,2024-12-17
S0253,Quiz Champion,2025-04-26
S0253,Consistent Learner,2025-04-27
S0254,Top Performer,2024-12-04
S0255,Consistent Learner,2025-03-19
S0255,Subject Star,2025-04-28
S0256,Improved Significantly,2025-01-16
S0256,Quiz Champion,2024-12-14
S0256,Quiz Champion,2025-01-05
S0256,Improved Significantly,2025-05-05
S0257,Consistent Learner,2024-12-07
S0257,Improved Significantly,2025-03-17
S0257,Subject Star,2024-12-28
S0258,Consistent Learner,2025-03-17
S0258,Top Performer,2025-04-29
S0259,Quiz Champion,2024-12-05
S0259,Top Performer,2025-02-22
S0260,Top Performer,2025-05-06
S0260,Top Performer,2025-05-24
S0260,Quiz Champion,2025-03-26
S0261,Consistent Learner,2025-04-15
S0261,Consistent Learner,2025-04-15
S0262,Subject Star,2025-03-19
S0262,Top Performer,2025-03-04
S0262,Subject Star,2025-01-31
S0262,Subject Star,2025-04-27
S0263,Top Performer,2024-12-07
S0263,Improved Significantly,2025-02-01
S0264,Consistent Learner,2025-02-25
S0265,Improved Significantly,2025-03-09
S0265,Subject Star,2025-01-22
S0265,Quiz Champion,2024-12-27
S0266,Improved Significantly,2025-05-06
S0267,Consistent Learner,2025-03-27
S0267,Subject Star,2025-04-22
S0268,Subject Star,2025-05-09
S0268,Improved Significantly,2025-03-18
S0269,Improved Significantly,2025-01-21
S0269,Subject Star,2025-01-26
S0270,Top Performer,2025-01-14
S0270,Top Performer,2025-05-19
S0270,Subject Star,2024-12-04
S0271,Improved Significantly,2025-03-20
S0271,Top Performer,2025-03-17
S0272,Consistent Learner,2025-04-09
S0272,Consistent Learner,2025-02-16
S0272,Improved Significantly,2025-01-10
S0272,Quiz Champion,2025-01-15
S0273,Subject Star,2025-05-20
S0273,Top Performer,2024-12-23
S0273,Improved Significantly,2025-01-03
S0273,Quiz Champion,2025-03-05
S0274,Subject Star,2025-01-13
S0274,Top Performer,2025-05-18
S0275,Consistent Learner,2025-03-27
S0275,Quiz Champion,2024-12-05
S0276,Top Performer,2025-01-11
S0276,Improved Significantly,2025-04-30
S0277,Subject Star,2025-03-20
S0277,Improved Significantly,2025-05-02
S0278,Quiz Champion,2025-02-11
S0279,Consistent Learner,2025-04-14
S0279,Subject Star,2025-05-18
S0279,Top Performer,2025-05-08
S0279,Subject Star,2025-04-02
S0280,Consistent Learner,2025-04-15
S0281,Consistent Learner,2025-01-10
S0281,Top Performer,2025-03-05
S0282,Top Performer,2024-12-19
S0282,Top Performer,2025-05-20
S0282,Subject Star,2025-04-10
S0283,Improved Significantly,2025-03-29
S0284,Improved Significantly,2025-02-06
S0284,Subject Star,2025-05-17
S0284,Top Performer,2025-05-04
S0285,Improved Significantly,2025-03-13
S0285,Improved Significantly,2025-05-12
S0285,Subject Star,2025-05-08
S0286,Subject Star,2025-05-03
S0286,Top Performer,2024-12-09
S0287,Subject Star,2025-01-07
S0287,Consistent Learner,2025-03-18
S0287,Consistent Learner,2025-03-30
S0287,Improved Significantly,2025-04-26
S0288,Improved Significantly,2025-03-08
S0288,Subject Star,2025-01-02
S0289,Top Performer,2025-03-20
S0290,Consistent Learner,2025-03-21
S0290,Subject Star,2024-12-20
S0290,Top Performer,2025-01-14
S0291,Top Performer,2025-05-21
S0291,Top Performer,2025-05-25
S0291,Quiz Champion,2025-01-05
S0291,Subject Star,2024-12-09
S0292,Subject Star,2025-04-07
S0292,Improved Significantly,2025-01-15
S0293,Consistent Learner,2025-03-01
S0293,Quiz Champion,2025-01-23
S0293,Top Performer,2025-04-01
S0294,Consistent Learner,2025-04-23
S0294,Consistent Learner,2025-05-22
S0295,Subject Star,2025-05-20
S0295,Top Performer,2025-05-11
S0295,Quiz Champion,2025-04-07
S0295,Subject Star,2025-01-30
S0296,Consistent Learner,2024-12-09
S0296,Subject Star,2024-11-30
S0296,Subject Star,2025-04-15
S0296,Top Performer,2024-12-27
S0297,Improved Significantly,2025-05-17
S0297,Subject Star,2025-02-06
S0297,Quiz Champion,2025-01-05
S0298,Consistent Learner,2025-05-10
S0298,Improved Significantly,2024-12-20
S0298,Improved Significantly,2025-05-21
S0299,Quiz Champion,2025-05-15
S0300,Subject Star,2025-01-14
S0300,Consistent Learner,2024-12-14
S0300,Consistent Learner,2024-12-14
S0300,Subject Star,2025-02-20
S0301,Consistent Learner,2024-12-18
S0301,Top Performer,2025-04-24
S0301,Improved Significantly,2025-05-18
S0301,Quiz Champion,2025-01-19
S0302,Top Performer,2025-04-05
S0302,Subject Star,2024-12-09
S0303,Improved Significantly,2025-01-06
S0303,Consistent Learner,2024-12-24
S0303,Consistent Learner,2025-02-04
S0303,Top Performer,2025-03-23
S0304,Quiz Champion,2025-01-31
S0304,Top Performer,2025-04-06
S0304,Subject Star,2024-12-31
S0305,Improved Significantly,2025-04-05
S0305,Top Performer,2024-11-25
S0305,Improved Significantly,2025-02-08
S0306,Improved Significantly,2025-04-16
S0306,Improved Significantly,2025-02-01
S0306,Improved Significantly,2025-04-14
S0307,Subject Star,2025-05-20
S0308,Improved Significantly,2025-03-29
S0308,Subject Star,2024-12-29
S0308,Top Performer,2025-02-15
S0309,Top Performer,2025-02-04
S0309,Quiz Champion,2025-05-18
S0309,Improved Significantly,2024-12-17
S0309,Top Performer,2025-05-21
S0310,Top Performer,2025-02-22
S0310,Quiz Champion,2025-03-22
S0311,Consistent Learner,2024-12-22
S0311,Top Performer,2025-04-12
S0312,Improved Significantly,2025-02-12
S0312,Consistent Learner,2025-01-02
S0312,Subject Star,2025-03-09
S0312,Subject Star,2024-12-22
S0313,Subject Star,2025-02-07
S0313,Improved Significantly,2025-04-27
S0313,Quiz Champion,2025-01-25
S0313,Quiz Champion,2025-03-13
S0314,Top Performer,2025-03-29
S0315,Top Performer,2025-04-25
S0315,Improved Significantly,2025-05-08
S0315,Subject Star,2025-01-28
S0315,Subject Star,2025-03-08
S0316,Top Performer,2025-04-08
S0316,Subject Star,2025-02-03
S0316,Consistent Learner,2025-01-15
S0316,Improved Significantly,2025-03-19
S0317,Subject Star,2025-01-29
S0318,Improved Significantly,2025-02-23
S0318,Subject Star,2025-05-23
S0319,Subject Star,2025-01-13
S0319,Consistent Learner,2025-03-18
S0319,Subject Star,2024-12-12
S0320,Top Performer,2025-03-29
S0320,Quiz Champion,2024-12-12
S0320,Subject Star,2025-05-17
S0321,Improved Significantly,2025-04-25
S0321,Top Performer,2024-12-17
S0321,Subject Star,2024-12-12
S0322,Consistent Learner,2024-12-09
S0322,Top Performer,2024-12-24
S0322,Improved Significantly,2025-05-10
S0323,Improved Significantly,2025-05-12
S0324,Consistent Learner,2025-02-27
S0325,Consistent Learner,2025-03-23
S0325,Subject Star,2025-03-31
S0326,Consistent Learner,2025-01-28
S0326,Consistent Learner,2024-12-10
S0326,Subject Star,2025-05-21
S0327,Top Performer,2025-03-14
S0328,Subject Star,2024-12-23
S0328,Consistent Learner,2025-01-26
S0328,Consistent Learner,2024-12-05
S0329,Consistent Learner,2025-03-25
S0329,Subject Star,2025-01-12
S0329,Quiz Champion,2025-01-11
S0329,Top Performer,2025-04-05
S0330,Consistent Learner,2025-04-13
S0330,Quiz Champion,2025-01-10
S0330,Improved Significantly,2025-05-19
S0330,Quiz Champion,2025-03-19
S0331,Consistent Learner,2025-04-19
S0331,Top Performer,2024-11-27
S0331,Subject Star,2025-02-20
S0332,Quiz Champion,2025-05-03
S0332,Top Performer,2024-12-21
S0332,Top Performer,2025-04-19
S0333,Consistent Learner,2025-03-18
S0333,Subject Star,2025-01-31
S0334,Top Performer,2025-04-26
S0335,Consistent Learner,2025-01-05
S0335,Subject Star,2025-02-04
S0335,Subject Star,2025-03-18
S0336,Quiz Champion,2024-12-29
S0337,Quiz Champion,2025-02-11
S0337,Consistent Learner,2025-03-22
S0337,Subject Star,2025-02-17
S0337,Subject Star,2025-02-05
S0338,Subject Star,2024-12-25
S0338,Improved Significantly,2025-02-12
S0339,Subject Star,2024-12-12
S0339,Top Performer,2025-04-03
S0339,Quiz Champion,2024-12-21
S0340,Improved Significantly,2025-02-17
S0340,Quiz Champion,2025-04-11
S0341,Subject Star,2025-02-07
S0341,Improved Significantly,2025-05-17
S0342,Consistent Learner,2025-03-21
S0343,Top Performer,2025-05-02
S0344,Improved Significantly,2025-03-22
S0345,Improved Significantly,2025-04-25
S0345,Quiz Champion,2025-02-27
S0345,Quiz Champion,2025-04-18
S0346,Consistent Learner,2025-01-31
S0346,Consistent Learner,2024-12-22
S0346,Quiz Champion,2024-12-30
S0347,Quiz Champion,2025-01-04
S0348,Improved Significantly,2025-03-23
S0348,Quiz Champion,2025-02-09
S0349,Top Performer,2025-05-15
S0349,Quiz Champion,2025-04-22
S0349,Quiz Champion,2025-04-27
S0350,Top Performer,2025-03-10
S0350,Subject Star,2025-04-12
S0350,Improved Significantly,2025-03-03
S0350,Improved Significantly,2025-03-11
S0351,Quiz Champion,2025-03-27
S0351,Improved Significantly,2025-03-02
S0351,Consistent Learner,2025-02-17
S0352,Consistent Learner,2025-03-10
S0353,Consistent Learner,2025-02-15
S0353,Improved Significantly,2025-05-07
S0354,Top Performer,2025-03-23
S0354,Improved Significantly,2025-01-17
S0354,Improved Significantly,2025-02-21
S0355,Subject Star,2025-05-16
S0355,Quiz Champion,2025-03-21
S0355,Consistent Learner,2025-03-29
S0356,Top Performer,2025-04-27
S0357,Top Performer,2024-12-31
S0358,Improved Significantly,2025-04-11
S0358,Consistent Learner,2025-03-13
S0358,Improved Significantly,2025-01-14
S0358,Top Performer,2025-04-11
S0359,Quiz Champion,2025-03-26
S0360,Consistent Learner,2025-01-15
S0360,Subject Star,2024-12-19
S0361,Consistent Learner,2024-12-11
S0361,Consistent Learner,2025-01-14
S0361,Consistent Learner,2025-05-17
S0362,Consistent Learner,2025-04-18
S0362,Top Performer,2025-04-13
S0363,Consistent Learner,2024-11-30
S0363,Quiz Champion,2024-12-01
S0363,Subject Star,2025-03-11
S0363,Consistent Learner,2025-02-19
S0364,Quiz Champion,2025-02-06
S0365,Top Performer,2025-03-15
S0365,Subject Star,2025-03-03
S0365,Top Performer,2025-03-04
S0366,Quiz Champion,2025-04-05
S0366,Subject Star,2025-01-08
S0366,Improved Significantly,2025-03-29
S0366,Subject Star,2025-04-29
S0367,Consistent Learner,2025-04-24
S0367,Consistent Learner,2025-05-08
S0367,Improved Significantly,2025-05-25
S0368,Improved Significantly,2025-05-03
S0369,Improved Significantly,2025-01-23
S0369,Consistent Learner,2025-01-26
S0370,Top Performer,2025-01-18
S0371,Subject Star,2024-12-11
S0371,Subject Star,2025-02-04
S0372,Consistent Learner,2024-12-18
S0373,Improved Significantly,2025-05-22
S0373,Improved Significantly,2025-04-01
S0373,Consistent Learner,2025-05-06
S0373,Improved Significantly,2024-12-23
S0374,Improved Significantly,2025-03-14
S0374,Consistent Learner,2025-03-23
S0374,Subject Star,2024-12-27
S0374,Improved Significantly,2025-04-17
S0375,Improved Significantly,2025-03-19
S0375,Consistent Learner,2025-02-24
S0375,Subject Star,2025-03-07
S0376,Improved Significantly,2025-02-03
S0377,Top Performer,2025-04-21
S0377,Improved Significantly,2025-04-20
S0378,Quiz Champion,2025-03-01
S0378,Consistent Learner,2025-04-20
S0379,Top Performer,2025-04-30
S0379,Quiz Champion,2025-03-22
S0380,Improved Significantly,2024-12-07
S0381,Subject Star,2024-12-15
S0381,Top Performer,2025-02-23
S0381,Top Performer,2024-12-22
S0382,Subject Star,2024-12-22
S0382,Consistent Learner,2024-12-10
S0382,Subject Star,2025-04-15
S0382,Subject Star,2025-04-26
S0383,Quiz Champion,2025-01-20
S0383,Subject Star,2024-12-02
S0383,Top Performer,2025-02-11
S0383,Consistent Learner,2024-12-01
S0384,Consistent Learner,2025-01-12
S0384,Top Performer,2025-02-02
S0384,Top Performer,2025-01-21
S0385,Improved Significantly,2025-03-21
S0385,Consistent Learner,2025-04-13
S0386,Consistent Learner,2025-03-10
S0386,Top Performer,2025-02-08
S0387,Quiz Champion,2025-05-07
S0387,Consistent Learner,2024-12-18
S0387,Consistent Learner,2025-03-28
S0388,Quiz Champion,2025-02-19
S0388,Top Performer,2025-02-06
S0388,Improved Significantly,2025-01-11
S0389,Improved Significantly,2025-04-22
S0389,Improved Significantly,2025-04-24
S0389,Consistent Learner,2025-03-06
S0390,Subject Star,2024-12-04
S0390,Consistent Learner,2025-04-08
S0390,Subject Star,2024-12-22
S0391,Subject Star,2025-05-01
S0391,Consistent Learner,2025-04-22
S0391,Quiz Champion,2025-03-06
S0391,Subject Star,2025-03-11
S0392,Subject Star,2024-12-24
S0393,Top Performer,2025-01-12
S0393,Consistent Learner,2025-01-08
S0393,Top Performer,2025-05-12
S0393,Quiz Champion,2025-03-27
S0394,Subject Star,2025-01-20
S0394,Top Performer,2025-05-12
S0395,Consistent Learner,2025-03-22
S0395,Quiz Champion,2025-05-06
S0395,Improved Significantly,2025-04-11
S0395,Consistent Learner,2025-05-23
S0396,Top Performer,2024-12-07
S0396,Subject Star,2024-12-26
S0396,Consistent Learner,2024-12-13
S0397,Quiz Champion,2025-03-01
S0397,Consistent Learner,2025-03-10
S0397,Quiz Champion,2025-01-03
S0398,Improved Significantly,2025-02-17
S0399,Subject Star,2024-12-23
S0399,Quiz Champion,2025-03-19
S0400,Top Performer,2025-01-21
S0400,Top Performer,2024-12-28
S0401,Consistent Learner,2025-03-24
S0401,Improved Significantly,2025-04-07
S0401,Subject Star,2025-01-28
S0401,Top Performer,2025-05-11
S0402,Improved Significantly,2025-02-05
S0403,Top Performer,2025-03-21
S0403,Subject Star,2025-05-21
S0403,Improved Significantly,2025-05-24
S0404,Consistent Learner,2024-12-03
S0405,Improved Significantly,2024-12-19
S0406,Quiz Champion,2025-01-27
S0407,Quiz Champion,2025-02-28
S0408,Consistent Learner,2024-11-30
S0408,Consistent Learner,2025-02-05
S0408,Quiz Champion,2025-01-03
S0408,Quiz Champion,2025-03-31
S0409,Improved Significantly,2025-05-19
S0409,Top Performer,2025-02-11
S0409,Improved Significantly,2025-03-30
S0410,Improved Significantly,2025-01-24
S0411,Subject Star,2025-01-23
S0411,Subject Star,2025-01-05
S0412,Subject Star,2025-05-23
S0412,Subject Star,2025-02-20
S0412,Improved Significantly,2025-03-07
S0412,Subject Star,2025-02-11
S0413,Top Performer,2025-04-04
S0413,Improved Significantly,2025-01-09
S0413,Quiz Champion,2025-03-25
S0414,Improved Significantly,2025-05-12
S0415,Subject Star,2024-11-24
S0416,Subject Star,2025-01-26
S0417,Improved Significantly,2025-02-08
S0417,Quiz Champion,2024-11-28
S0418,Quiz Champion,2025-02-11
S0419,Consistent Learner,2025-04-13
S0419,Improved Significantly,2024-12-31
S0420,Subject Star,2024-12-30
S0420,Subject Star,2025-03-08
S0420,Quiz Champion,2025-04-26
S0420,Improved Significantly,2025-05-17
S0421,Quiz Champion,2025-05-08
S0421,Subject Star,2025-01-17
S0421,Top Performer,2025-02-11
S0421,Top Performer,2024-12-29
S0422,Subject Star,2024-12-16
S0422,Quiz Champion,2025-02-07
S0423,Top Performer,2024-12-09
S0424,Top Performer,2025-04-27
S0424,Subject Star,2025-01-02
S0424,Consistent Learner,2024-12-14
S0424,Quiz Champion,2025-01-10
S0425,Consistent Learner,2024-12-30
S0426,Subject Star,2025-03-09
S0427,Improved Significantly,2025-03-28
S0427,Subject Star,2025-01-19
S0427,Top Performer,2025-02-24
S0428,Improved Significantly,2025-05-22
S0429,Top Performer,2025-02-28
S0429,Top Performer,2024-12-08
S0430,Subject Star,2025-05-18
S0430,Top Performer,2025-05-06
S0430,Subject Star,2025-03-25
S0431,Quiz Champion,2025-02-15
S0431,Improved Significantly,2024-12-26
S0431,Top Performer,2024-12-04
S0432,Top Performer,2025-02-16
S0432,Top Performer,2025-03-23
S0432,Quiz Champion,2024-12-04
S0432,Top Performer,2025-05-25
S0433,Improved Significantly,2025-01-09
S0433,Quiz Champion,2025-02-13
S0434,Subject Star,2025-05-16
S0434,Improved Significantly,2025-03-10
S0434,Quiz Champion,2025-05-24
S0435,Improved Significantly,2025-02-28
S0435,Top Performer,2025-03-31
S0436,Top Performer,2025-01-19
S0437,Quiz Champion,2025-03-24
S0438,Quiz Champion,2025-01-29
S0438,Top Performer,2025-03-16
S0439,Top Performer,2025-01-15
S0440,Quiz Champion,2025-05-04
S0440,Subject Star,2025-03-22
S0440,Subject Star,2024-12-10
S0440,Subject Star,2025-05-16
S0441,Improved Significantly,2025-05-15
S0441,Improved Significantly,2025-03-08
S0441,Subject Star,2025-03-10
S0442,Improved Significantly,2025-05-09
S0442,Quiz Champion,2025-02-28
S0442,Improved Significantly,2024-12-16
S0442,Improved Significantly,2025-02-07
S0443,Consistent Learner,2025-02-12
S0443,Top Performer,2025-02-22
S0443,Improved Significantly,2025-03-12
S0444,Consistent Learner,2025-05-14
S0444,Top Performer,2025-05-01
S0444,Improved Significantly,2025-02-10
S0444,Subject Star,2025-01-11
S0445,Consistent Learner,2025-05-01
S0445,Subject Star,2025-04-08
S0446,Improved Significantly,2025-01-22
S0447,Consistent Learner,2025-01-31
S0447,Top Performer,2025-05-13
S0447,Quiz Champion,2025-04-22
S0448,Subject Star,2025-02-11
S0448,Top Performer,2025-05-02
S0449,Improved Significantly,2025-01-13
S0449,Consistent Learner,2025-04-07
S0449,Improved Significantly,2025-01-03
S0450,Subject Star,2025-05-02
S0451,Improved Significantly,2024-12-26
S0452,Quiz Champion,2025-03-30
S0453,Subject Star,2024-12-04
S0453,Consistent Learner,2025-04-14
S0454,Consistent Learner,2025-01-25
S0455,Improved Significantly,2025-03-18
S0455,Improved Significantly,2024-12-26
S0455,Subject Star,2025-03-13
S0456,Consistent Learner,2025-01-31
S0456,Top Performer,2025-02-24
S0457,Subject Star,2025-03-14
S0457,Consistent Learner,2025-04-11
S0457,Quiz Champion,2025-02-06
S0457,Improved Significantly,2025-05-11
S0458,Improved Significantly,2025-04-16
S0459,Consistent Learner,2025-04-30
S0459,Quiz Champion,2025-04-09
S0459,Improved Significantly,2025-02-21
S0459,Consistent Learner,2025-01-27
S0460,Quiz Champion,2025-05-10
S0460,Quiz Champion,2025-04-03
S0460,Consistent Learner,2025-03-18
S0461,Top Performer,2025-04-17
S0461,Improved Significantly,2025-05-13
S0461,Subject Star,2025-01-09
S0461,Improved Significantly,2025-01-06
S0462,Improved Significantly,2025-01-18
S0462,Improved Significantly,2025-03-22
S0462,Consistent Learner,2024-12-08
S0462,Consistent Learner,2024-12-03
S0463,Subject Star,2025-05-14
S0463,Consistent Learner,2025-05-11
S0464,Consistent Learner,2025-03-05
S0465,Improved Significantly,2024-11-30
S0465,Top Performer,2025-01-10
S0465,Quiz Champion,2025-02-25
S0465,Subject Star,2025-03-06
S0466,Consistent Learner,2025-01-02
S0466,Improved Significantly,2025-01-22
S0466,Consistent Learner,2025-01-25
S0466,Quiz Champion,2025-03-11
S0467,Top Performer,2024-11-27
S0467,Improved Significantly,2025-03-09
S0468,Subject Star,2024-11-29
S0469,Consistent Learner,2025-04-01
S0470,Subject Star,2024-11-25
S0470,Consistent Learner,2025-01-01
S0471,Quiz Champion,2025-03-01
S0471,Top Performer,2024-12-02
S0471,Quiz Champion,2025-04-27
S0471,Quiz Champion,2025-04-29
S0472,Subject Star,2024-12-16
S0472,Top Performer,2024-12-01
S0473,Consistent Learner,2024-12-04
S0473,Improved Significantly,2025-05-17
S0474,Consistent Learner,2025-01-31
S0474,Subject Star,2024-12-18
S0474,Improved Significantly,2025-01-21
S0474,Quiz Champion,2024-11-25
S0475,Quiz Champion,2025-04-28
S0475,Quiz Champion,2025-05-25
S0476,Subject Star,2025-03-24
S0476,Consistent Learner,2025-05-23
S0476,Subject Star,2025-05-22
S0476,Consistent Learner,2025-03-01
S0477,Subject Star,2025-03-01
S0477,Improved Significantly,2025-03-31
S0477,Top Performer,2025-01-15
S0478,Improved Significantly,2025-01-16
S0478,Top Performer,2025-03-20
S0478,Improved Significantly,2025-04-09
S0478,Improved Significantly,2024-12-20
S0479,Top Performer,2025-03-12
S0479,Quiz Champion,2025-05-07
S0479,Subject Star,2025-03-16
S0480,Subject Star,2025-02-17
S0480,Top Performer,2024-12-13
S0481,Consistent Learner,2025-04-03
S0481,Top Performer,2025-03-03
S0481,Top Performer,2025-01-02
S0481,Subject Star,2025-03-25
S0482,Consistent Learner,2025-01-30
S0482,Improved Significantly,2025-01-18
S0483,Improved Significantly,2025-02-08
S0483,Improved Significantly,2025-01-17
S0483,Consistent Learner,2025-01-30
S0483,Consistent Learner,2025-05-13
S0484,Subject Star,2024-11-24
S0484,Quiz Champion,2025-01-12
S0485,Top Performer,2025-05-07
S0486,Subject Star,2025-04-14
S0486,Improved Significantly,2025-02-14
S0487,Subject Star,2025-04-21
S0487,Top Performer,2025-01-15
S0487,Consistent Learner,2025-02-04
S0487,Consistent Learner,2025-05-22
S0488,Subject Star,2024-12-14
S0488,Quiz Champion,2025-04-15
S0489,Top Performer,2025-01-04
S0489,Top Performer,2025-03-21
S0489,Consistent Learner,2025-05-15
S0489,Subject Star,2025-02-21
S0490,Top Performer,2024-12-27
S0490,Subject Star,2025-04-03
S0490,Top Performer,2024-11-29
S0491,Improved Significantly,2025-01-16
S0491,Quiz Champion,2025-02-21
S0491,Subject Star,2025-02-06
S0492,Improved Significantly,2025-05-21
S0493,Improved Significantly,2025-04-21
S0493,Subject Star,2025-03-19
S0493,Subject Star,2025-02-22
S0494,Consistent Learner,2024-12-11
S0494,Quiz Champion,2025-04-12
S0494,Subject Star,2024-12-11
S0495,Subject Star,2025-02-05
S0495,Quiz Champion,2025-04-07
S0495,Top Performer,2025-04-30
S0495,Top Performer,2025-02-07
S0496,Consistent Learner,2025-02-25
S0496,Subject Star,2024-12-02
S0496,Quiz Champion,2025-04-29
S0497,Quiz Champion,2025-01-20
S0498,Consistent Learner,2025-01-17
S0498,Subject Star,2025-02-16
S0499,Quiz Champion,2025-02-09
S0499,Top Performer,2025-04-26
S0499,Quiz Champion,2025-05-23
S0500,Consistent Learner,2025-01-18
S0500,Subject Star,2025-04-09
S0501,Improved Significantly,2024-12-15
S0501,Improved Significantly,2024-12-16
S0501,Quiz Champion,2025-04-27
S0501,Improved Significantly,2024-11-25
S0502,Improved Significantly,2025-05-19
S0502,Top Performer,2024-12-29
S0502,Top Performer,2025-02-17
S0503,Top Performer,2025-04-25
S0503,Top Performer,2025-03-04
S0504,Top Performer,2025-03-17
S0504,Subject Star,2025-03-13
S0505,Top Performer,2025-05-07
S0505,Consistent Learner,2025-03-19
S0505,Quiz Champion,2025-01-19
S0506,Top Performer,2025-03-25
S0506,Top Performer,2025-04-26
S0507,Consistent Learner,2024-12-31
S0507,Quiz Champion,2025-02-03
S0508,Top Performer,2025-03-10
S0508,Top Performer,2025-04-16
S0509,Improved Significantly,2024-12-10
S0509,Subject Star,2024-12-16
S0509,Quiz Champion,2025-04-01
S0510,Subject Star,2025-03-10
S0510,Consistent Learner,2025-03-26
S0510,Subject Star,2025-04-30
S0511,Top Performer,2025-03-15
S0511,Consistent Learner,2025-01-03
S0511,Improved Significantly,2024-12-27
S0512,Improved Significantly,2025-01-10
S0512,Consistent Learner,2024-12-24
S0512,Improved Significantly,2025-05-14
S0513,Top Performer,2024-11-24
S0513,Consistent Learner,2024-12-06
S0513,Improved Significantly,2025-01-14
S0513,Quiz Champion,2024-12-30
S0514,Quiz Champion,2025-05-23
S0514,Top Performer,2025-02-10
S0514,Consistent Learner,2025-02-13
S0514,Quiz Champion,2025-05-04
S0515,Consistent Learner,2025-01-13
S0515,Quiz Champion,2025-01-15
S0515,Top Performer,2024-12-14
S0515,Improved Significantly,2025-05-02
S0516,Top Performer,2024-12-06
S0516,Consistent Learner,2025-02-11
S0516,Top Performer,2025-03-22
S0516,Subject Star,2025-03-13
S0517,Subject Star,2025-05-19
S0517,Consistent Learner,2024-12-26
S0517,Subject Star,2025-03-12
S0518,Consistent Learner,2025-01-16
S0519,Top Performer,2025-01-13
S0519,Quiz Champion,2025-01-14
S0519,Consistent Learner,2025-03-12
S0520,Top Performer,2025-05-04
S0520,Quiz Champion,2025-01-09
S0521,Subject Star,2025-01-05
S0521,Improved Significantly,2025-03-07
S0521,Quiz Champion,2025-04-06
S0522,Subject Star,2025-03-13
S0522,Quiz Champion,2025-05-21
S0523,Consistent Learner,2025-03-14
S0524,Subject Star,2025-04-24
S0524,Subject Star,2025-03-30
S0525,Quiz Champion,2025-03-31
S0525,Consistent Learner,2024-12-23
S0526,Subject Star,2025-04-04
S0526,Quiz Champion,2025-02-09
S0527,Subject Star,2024-12-29
S0527,Improved Significantly,2024-12-02
S0527,Quiz Champion,2025-04-09
S0528,Consistent Learner,2025-03-03
S0528,Quiz Champion,2025-03-08
S0528,Subject Star,2025-01-15
S0529,Top Performer,2024-12-25
S0529,Improved Significantly,2025-03-14
S0530,Consistent Learner,2025-02-19
S0530,Consistent Learner,2025-01-26
S0530,Subject Star,2024-12-05
S0530,Quiz Champion,2025-02-22
S0531,Quiz Champion,2025-03-26
S0531,Top Performer,2025-04-22
S0532,Consistent Learner,2024-12-18
S0532,Quiz Champion,2025-05-15
S0532,Top Performer,2025-01-14
S0533,Consistent Learner,2024-12-11
S0533,Consistent Learner,2024-12-12
S0533,Quiz Champion,2025-03-08
S0533,Top Performer,2025-04-23
S0534,Improved Significantly,2025-05-17
S0535,Subject Star,2025-01-18
S0535,Top Performer,2025-04-04
S0536,Top Performer,2025-05-09
S0536,Quiz Champion,2025-04-27
S0536,Consistent Learner,2025-03-15
S0537,Subject Star,2025-03-17
S0537,Consistent Learner,2024-12-23
S0537,Subject Star,2025-01-12
S0538,Improved Significantly,2025-04-01
S0538,Subject Star,2025-04-30
S0538,Consistent Learner,2025-02-15
S0538,Subject Star,2025-02-19
S0539,Subject Star,2025-02-24
S0539,Quiz Champion,2024-12-18
S0539,Improved Significantly,2025-01-17
S0540,Improved Significantly,2025-05-09
S0540,Subject Star,2024-12-13
S0540,Subject Star,2025-01-24
S0541,Top Performer,2024-12-04
S0542,Improved Significantly,2025-04-12
S0542,Subject Star,2025-04-25
S0543,Consistent Learner,2024-12-01
S0543,Consistent Learner,2025-03-07
S0543,Quiz Champion,2025-03-12
S0544,Improved Significantly,2024-12-13
S0544,Improved Significantly,2025-04-10
S0544,Quiz Champion,2025-05-02
S0545,Top Performer,2025-02-02
S0545,Quiz Champion,2025-04-29
S0545,Improved Significantly,2025-04-19
S0546,Subject Star,2025-04-30
S0546,Top Performer,2025-03-22
S0547,Quiz Champion,2025-02-07
S0547,Quiz Champion,2025-04-26
S0548,Improved Significantly,2025-03-13
S0548,Subject Star,2025-05-15
S0549,Subject Star,2025-03-15
S0550,Top Performer,2025-04-14
S0550,Consistent Learner,2025-05-15
S0550,Subject Star,2024-12-19
S0550,Improved Significantly,2024-11-26
S0551,Quiz Champion,2025-04-10
S0551,Top Performer,2025-05-10
S0552,Quiz Champion,2024-12-22
S0552,Top Performer,2025-02-08
S0552,Consistent Learner,2025-04-26
S0552,Top Performer,2025-04-15
S0553,Top Performer,2024-12-07
S0553,Top Performer,2025-05-13
S0553,Top Performer,2025-01-12
S0553,Improved Significantly,2025-03-19
S0554,Quiz Champion,2025-05-21
S0554,Top Performer,2025-01-06
S0554,Quiz Champion,2024-12-06
S0555,Consistent Learner,2025-04-07
S0555,Consistent Learner,2025-05-20
S0555,Improved Significantly,2025-01-13
S0555,Top Performer,2025-03-18
S0556,Subject Star,2025-04-20
S0556,Consistent Learner,2024-12-03
S0556,Subject Star,2025-03-01
S0557,Top Performer,2025-03-24
S0557,Consistent Learner,2025-04-13
S0558,Quiz Champion,2024-12-24
S0559,Subject Star,2025-05-24
S0559,Improved Significantly,2025-04-06
S0559,Consistent Learner,2025-01-03
S0560,Consistent Learner,2024-12-30
S0560,Improved Significantly,2025-02-11
S0560,Subject Star,2025-03-20
S0560,Quiz Champion,2025-05-24
S0561,Improved Significantly,2025-02-14
S0561,Subject Star,2025-04-07
S0561,Top Performer,2025-01-30
S0561,Improved Significantly,2025-01-31
S0562,Top Performer,2025-03-01
S0562,Quiz Champion,2024-12-13
S0563,Consistent Learner,2025-01-12
S0563,Top Performer,2024-12-08
S0563,Quiz Champion,2025-05-02
S0563,Improved Significantly,2025-01-18
S0564,Quiz Champion,2025-03-07
S0564,Subject Star,2024-12-04
S0564,Quiz Champion,2025-02-04
S0564,Improved Significantly,2025-01-10
S0565,Quiz Champion,2025-02-10
S0565,Subject Star,2025-04-30
S0566,Consistent Learner,2025-02-21
S0567,Quiz Champion,2024-12-08
S0567,Top Performer,2025-01-16
S0567,Quiz Champion,2025-02-20
S0567,Consistent Learner,2025-04-12
S0568,Improved Significantly,2025-04-09
S0569,Improved Significantly,2025-04-16
S0569,Subject Star,2024-12-10
S0569,Subject Star,2024-12-28
S0570,Improved Significantly,2025-03-28
S0570,Improved Significantly,2025-04-27
S0571,Consistent Learner,2025-02-03
S0571,Subject Star,2025-03-17
S0571,Subject Star,2025-05-07
S0572,Consistent Learner,2024-12-05
S0572,Top Performer,2025-03-28
S0572,Quiz Champion,2025-01-05
S0573,Improved Significantly,2025-04-14
S0573,Improved Significantly,2025-01-08
S0573,Top Performer,2025-01-10
S0573,Consistent Learner,2025-03-08
S0574,Quiz Champion,2024-12-25
S0574,Improved Significantly,2025-03-29
S0574,Quiz Champion,2025-05-06
S0574,Quiz Champion,2025-05-25
S0575,Consistent Learner,2025-02-08
S0575,Quiz Champion,2025-05-15
S0575,Improved Significantly,2025-01-21
S0576,Improved Significantly,2025-05-01
S0576,Improved Significantly,2025-02-22
S0576,Top Performer,2025-02-16
S0577,Top Performer,2024-12-26
S0577,Consistent Learner,2025-01-14
S0577,Consistent Learner,2024-12-24
S0577,Subject Star,2024-11-25
S0578,Improved Significantly,2025-04-17
S0579,Improved Significantly,2025-03-28
S0579,Top Performer,2024-12-05
S0579,Consistent Learner,2025-03-03
S0580,Consistent Learner,2025-04-14
S0580,Quiz Champion,2024-12-16
S0581,Consistent Learner,2025-04-01
S0581,Consistent Learner,2025-02-23
S0582,Subject Star,2024-12-13
S0583,Improved Significantly,2025-05-06
S0584,Improved Significantly,2025-03-12
S0585,Improved Significantly,2025-01-27
S0586,Quiz Champion,2025-04-08
S0586,Improved Significantly,2024-12-19
S0586,Quiz Champion,2024-12-09
S0586,Quiz Champion,2025-01-16
S0587,Consistent Learner,2025-01-02
S0587,Improved Significantly,2025-03-08
S0587,Consistent Learner,2025-01-10
S0587,Consistent Learner,2025-04-14
S0588,Consistent Learner,2025-01-09
S0589,Top Performer,2025-04-07
S0589,Top Performer,2025-04-29
S0589,Improved Significantly,2024-12-12
S0589,Improved Significantly,2025-01-16
S0590,Top Performer,2025-04-07
S0591,Top Performer,2025-04-17
S0591,Quiz Champion,2025-04-15
S0591,Improved Significantly,2025-01-13
S0592,Subject Star,2025-04-25
S0593,Improved Significantly,2025-03-12
S0593,Subject Star,2025-02-06
S0593,Top Performer,2025-04-05
S0593,Consistent Learner,2025-01-01
S0594,Consistent Learner,2024-12-26
S0594,Subject Star,2025-03-19
S0595,Top Performer,2025-05-01
S0595,Consistent Learner,2025-03-14
S0595,Subject Star,2024-12-02
S0595,Subject Star,2025-02-24
S0596,Quiz Champion,2025-02-18
S0597,Improved Significantly,2025-03-09
S0598,Consistent Learner,2025-04-03
S0598,Top Performer,2025-03-30
S0599,Consistent Learner,2025-01-28
S0599,Top Performer,2024-12-31
S0599,Top Performer,2024-12-19
S0600,Quiz Champion,2024-12-29
S0600,Consistent Learner,2025-04-13
S0600,Improved Significantly,2025-01-03
S0600,Quiz Champion,2025-05-25
S0601,Subject Star,2024-12-04
S0601,Quiz Champion,2025-03-06
S0601,Improved Significantly,2025-02-10
S0601,Subject Star,2025-04-07
S0602,Quiz Champion,2025-02-05
S0602,Improved Significantly,2024-12-26
S0602,Quiz Champion,2024-12-20
S0603,Quiz Champion,2025-02-06
S0603,Improved Significantly,2025-01-26
S0604,Consistent Learner,2024-12-19
S0604,Subject Star,2025-02-10
S0605,Consistent Learner,2025-01-14
S0605,Top Performer,2025-01-08
S0605,Quiz Champion,2024-12-02
S0605,Improved Significantly,2024-12-10
S0606,Consistent Learner,2025-03-07
S0607,Consistent Learner,2025-03-07
S0608,Improved Significantly,2024-12-05
S0608,Improved Significantly,2025-04-07
S0609,Top Performer,2025-04-17
S0609,Consistent Learner,2025-05-19
S0609,Quiz Champion,2024-12-04
S0609,Consistent Learner,2025-02-05
S0610,Subject Star,2025-04-26
S0611,Quiz Champion,2025-02-25
S0611,Top Performer,2024-12-24
S0611,Top Performer,2025-02-24
S0612,Consistent Learner,2025-02-18
S0612,Improved Significantly,2025-01-06
S0612,Top Performer,2024-12-07
S0612,Top Performer,2025-04-16
S0613,Subject Star,2025-01-24
S0613,Subject Star,2025-02-27
S0613,Quiz Champion,2024-11-26
S0614,Quiz Champion,2025-05-11
S0615,Quiz Champion,2025-02-15
S0615,Quiz Champion,2025-03-04
S0616,Top Performer,2025-05-15
S0616,Consistent Learner,2025-03-05
S0617,Subject Star,2024-12-05
S0617,Improved Significantly,2025-02-09
S0617,Quiz Champion,2025-01-30
S0618,Top Performer,2025-04-22
S0618,Consistent Learner,2025-04-25
S0618,Top Performer,2024-12-26
S0619,Top Performer,2024-12-11
S0619,Top Performer,2025-02-03
S0620,Top Performer,2025-04-14
S0621,Top Performer,2024-12-19
S0621,Subject Star,2025-02-28
S0622,Quiz Champion,2024-12-06
S0622,Top Performer,2025-01-14
S0622,Subject Star,2025-02-09
S0623,Subject Star,2025-04-01
S0623,Consistent Learner,2025-04-05
S0623,Top Performer,2025-04-11
S0623,Subject Star,2025-01-19
S0624,Quiz Champion,2025-05-15
S0624,Top Performer,2025-01-22
S0624,Subject Star,2025-04-14
S0624,Quiz Champion,2025-05-13
S0625,Improved Significantly,2025-03-22
S0625,Improved Significantly,2025-04-07
S0625,Quiz Champion,2025-03-24
S0625,Subject Star,2025-05-15
S0626,Top Performer,2024-12-21
S0626,Improved Significantly,2025-01-27
S0626,Subject Star,2025-01-09
S0627,Consistent Learner,2025-03-03
S0627,Quiz Champion,2025-04-26
S0627,Consistent Learner,2024-11-24
S0627,Consistent Learner,2024-12-13
S0628,Consistent Learner,2025-03-18
S0628,Improved Significantly,2025-03-06
S0628,Improved Significantly,2024-12-20
S0629,Consistent Learner,2025-03-15
S0630,Top Performer,2025-02-28
S0630,Consistent Learner,2025-02-01
S0630,Consistent Learner,2024-11-26
S0631,Top Performer,2025-04-04
S0632,Quiz Champion,2024-11-26
S0632,Top Performer,2024-11-27
S0632,Subject Star,2025-04-15
S0633,Top Performer,2025-02-15
S0633,Consistent Learner,2024-12-13
S0633,Subject Star,2025-02-25
S0634,Consistent Learner,2025-02-09
S0634,Consistent Learner,2025-01-08
S0635,Subject Star,2025-01-30
S0635,Improved Significantly,2025-03-31
S0635,Improved Significantly,2025-02-28
S0636,Consistent Learner,2024-12-20
S0637,Improved Significantly,2024-12-09
S0637,Improved Significantly,2025-05-19
S0637,Consistent Learner,2024-12-07
S0637,Improved Significantly,2025-02-25
S0638,Improved Significantly,2025-03-01
S0638,Top Performer,2024-12-20
S0639,Quiz Champion,2025-05-23
S0639,Quiz Champion,2025-01-26
S0639,Subject Star,2024-12-23
S0639,Top Performer,2025-01-25
S0640,Subject Star,2025-02-21
S0641,Improved Significantly,2025-03-29
S0641,Top Performer,2025-05-12
S0641,Quiz Champion,2024-12-13
S0641,Quiz Champion,2024-11-25
S0642,Top Performer,2024-12-23
S0642,Subject Star,2024-12-01
S0643,Improved Significantly,2025-02-02
S0643,Improved Significantly,2025-01-28
S0643,Subject Star,2025-05-11
S0644,Top Performer,2025-02-21
S0644,Quiz Champion,2025-02-18
S0644,Consistent Learner,2025-02-27
S0645,Quiz Champion,2024-12-08
S0645,Top Performer,2025-01-12
S0645,Top Performer,2024-12-02
S0645,Quiz Champion,2025-03-08
S0646,Consistent Learner,2025-03-21
S0646,Improved Significantly,2025-03-28
S0646,Quiz Champion,2025-05-02
S0647,Consistent Learner,2025-02-26
S0648,Top Performer,2025-02-11
S0649,Quiz Champion,2024-12-23
S0649,Top Performer,2025-01-16
S0649,Subject Star,2025-05-13
S0649,Consistent Learner,2025-04-15
S0650,Subject Star,2025-03-19
S0650,Consistent Learner,2024-12-26
S0650,Improved Significantly,2025-02-05
S0651,Subject Star,2025-03-11
S0651,Improved Significantly,2025-01-05
S0652,Improved Significantly,2025-02-21
S0652,Subject Star,2025-01-07
S0652,Subject Star,2025-05-14
S0653,Consistent Learner,2025-05-17
S0653,Quiz Champion,2025-04-15
S0653,Top Performer,2025-05-03
S0654,Quiz Champion,2024-11-28
S0654,Subject Star,2024-11-24
S0655,Subject Star,2025-04-07
S0655,Quiz Champion,2025-02-14
S0656,Subject Star,2024-12-05
S0656,Improved Significantly,2025-02-01
S0657,Subject Star,2024-12-31
S0657,Consistent Learner,2024-12-21
S0658,Quiz Champion,2025-01-27
S0659,Quiz Champion,2025-04-23
S0659,Top Performer,2025-01-07
S0660,Improved Significantly,2025-02-21
S0661,Improved Significantly,2025-04-26
S0661,Top Performer,2025-01-07
S0662,Top Performer,2025-02-24
S0663,Subject Star,2024-12-02
S0663,Consistent Learner,2025-05-23
S0663,Quiz Champion,2025-02-13
S0664,Improved Significantly,2025-02-05
S0665,Subject Star,2025-03-02
S0665,Improved Significantly,2024-12-09
S0665,Quiz Champion,2025-05-12
S0665,Subject Star,2025-02-12
S0666,Top Performer,2025-03-07
S0666,Top Performer,2025-02-17
S0666,Improved Significantly,2025-04-05
S0667,Subject Star,2025-01-25
S0667,Top Performer,2025-04-17
S0667,Consistent Learner,2025-01-13
S0667,Quiz Champion,2025-01-19
S0668,Improved Significantly,2024-12-31
S0668,Consistent Learner,2025-03-11
S0668,Quiz Champion,2025-01-14
S0669,Improved Significantly,2025-01-09
S0670,Quiz Champion,2025-05-22
S0670,Subject Star,2025-02-04
S0671,Top Performer,2025-03-16
S0671,Improved Significantly,2025-02-04
S0672,Top Performer,2025-02-09
S0673,Improved Significantly,2025-01-15
S0673,Consistent Learner,2025-05-23
S0674,Quiz Champion,2025-02-16
S0674,Top Performer,2024-12-17
S0675,Top Performer,2025-02-10
S0675,Subject Star,2025-05-03
S0675,Quiz Champion,2025-04-30
S0676,Subject Star,2025-03-27
S0676,Quiz Champion,2025-03-23
S0676,Consistent Learner,2025-02-19
S0676,Top Performer,2025-01-23
S0677,Subject Star,2024-12-08
S0677,Consistent Learner,2025-01-09
S0678,Quiz Champion,2025-05-14
S0678,Quiz Champion,2025-05-06
S0679,Subject Star,2025-01-27
S0680,Quiz Champion,2024-12-06
S0680,Subject Star,2025-02-14
S0680,Top Performer,2024-12-11
S0681,Quiz Champion,2025-02-04
S0681,Subject Star,2025-01-05
S0681,Improved Significantly,2025-03-19
S0681,Subject Star,2025-05-12
S0682,Subject Star,2025-02-02
S0682,Improved Significantly,2025-02-28
S0682,Improved Significantly,2025-01-23
S0682,Top Performer,2025-01-17
S0683,Improved Significantly,2025-05-15
S0683,Quiz Champion,2024-11-24
S0684,Top Performer,2025-02-08
S0685,Improved Significantly,2025-05-19
S0685,Consistent Learner,2025-03-26
S0685,Quiz Champion,2025-01-14
S0686,Top Performer,2024-12-08
S0686,Consistent Learner,2025-04-11
S0687,Improved Significantly,2025-05-19
S0687,Subject Star,2025-02-02
S0688,Top Performer,2025-01-26
S0688,Quiz Champion,2024-12-05
S0688,Improved Significantly,2024-12-02
S0689,Consistent Learner,2024-12-26
S0690,Quiz Champion,2025-05-21
S0691,Improved Significantly,2024-12-17
S0691,Subject Star,2025-03-10
S0692,Improved Significantly,2024-12-18
S0692,Quiz Champion,2025-04-03
S0693,Improved Significantly,2025-01-07
S0693,Consistent Learner,2025-02-21
S0693,Consistent Learner,2025-01-04
S0694,Subject Star,2025-05-06
S0694,Subject Star,2025-04-03
S0695,Subject Star,2025-05-16
S0695,Consistent Learner,2025-03-24
S0695,Quiz Champion,2025-05-04
S0696,Top Performer,2025-04-28
S0696,Quiz Champion,2024-12-04
S0696,Improved Significantly,2025-05-14
S0696,Top Performer,2025-05-18
S0697,Consistent Learner,2025-05-18
S0697,Subject Star,2025-04-08
S0697,Top Performer,2025-05-14
S0697,Top Performer,2024-11-25
S0698,Quiz Champion,2025-02-05
S0698,Quiz Champion,2025-05-13
S0699,Quiz Champion,2025-01-13
S0699,Improved Significantly,2025-05-05
S0699,Top Performer,2025-01-09
S0700,Consistent Learner,2025-03-27
S0700,Top Performer,2025-05-19
S0700,Top Performer,2025-05-04
S0700,Top Performer,2024-12-18
S0701,Improved Significantly,2025-02-10
S0701,Subject Star,2025-03-09
S0701,Subject Star,2025-03-18
S0702,Subject Star,2025-03-04
S0702,Top Performer,2025-03-02
S0702,Quiz Champion,2025-05-25
S0703,Quiz Champion,2025-02-04
S0703,Subject Star,2025-05-06
S0704,Consistent Learner,2024-12-10
S0704,Quiz Champion,2025-02-12
S0705,Quiz Champion,2025-04-07
S0705,Top Performer,2024-12-26
S0706,Improved Significantly,2024-12-18
S0707,Top Performer,2025-05-06
S0707,Subject Star,2025-04-10
S0707,Quiz Champion,2025-01-31
S0707,Top Performer,2024-12-04
S0708,Improved Significantly,2025-03-23
S0709,Subject Star,2025-02-01
S0709,Quiz Champion,2025-03-13
S0710,Top Performer,2025-03-24
S0710,Top Performer,2025-02-27
S0710,Subject Star,2025-05-12
S0711,Consistent Learner,2025-03-05
S0711,Consistent Learner,2024-12-08
S0711,Top Performer,2025-05-20
S0712,Top Performer,2025-01-30
S0712,Consistent Learner,2025-05-14
S0713,Improved Significantly,2024-11-27
S0713,Top Performer,2024-12-16
S0713,Improved Significantly,2025-04-26
S0713,Improved Significantly,2025-05-20
S0714,Quiz Champion,2025-03-17
S0715,Improved Significantly,2025-04-08
S0715,Top Performer,2025-02-08
S0715,Consistent Learner,2025-02-06
S0716,Improved Significantly,2025-04-19
S0716,Improved Significantly,2025-01-01
S0716,Quiz Champion,2025-01-16
S0716,Improved Significantly,2025-05-05
S0717,Improved Significantly,2025-05-24
S0717,Quiz Champion,2025-05-10
S0717,Improved Significantly,2025-04-25
S0717,Subject Star,2025-03-26
S0718,Quiz Champion,2025-02-24
S0719,Consistent Learner,2025-05-05
S0719,Subject Star,2025-03-09
S0719,Top Performer,2025-05-23
S0720,Quiz Champion,2025-04-15
S0720,Top Performer,2025-04-15
S0720,Quiz Champion,2025-05-16
S0720,Improved Significantly,2025-04-24
S0721,Top Performer,2025-03-19
S0722,Consistent Learner,2025-01-18
S0722,Improved Significantly,2025-01-19
S0722,Consistent Learner,2025-02-15
S0723,Top Performer,2025-01-02
S0723,Top Performer,2025-04-20
S0724,Top Performer,2025-03-13
S0724,Improved Significantly,2025-03-27
S0724,Top Performer,2024-12-13
S0724,Improved Significantly,2025-03-23
S0725,Subject Star,2025-03-21
S0726,Improved Significantly,2025-02-08
S0726,Quiz Champion,2025-03-17
S0727,Top Performer,2025-04-25
S0728,Top Performer,2025-04-08
S0729,Quiz Champion,2024-11-28
S0729,Subject Star,2025-03-29
S0729,Quiz Champion,2025-04-02
S0729,Quiz Champion,2024-11-24
S0730,Improved Significantly,2025-03-02
S0730,Consistent Learner,2025-01-05
S0730,Consistent Learner,2025-03-18
S0730,Subject Star,2024-12-28
S0731,Top Performer,2025-03-15
S0731,Top Performer,2025-02-13
S0731,Improved Significantly,2025-02-11
S0732,Quiz Champion,2025-05-03
S0732,Subject Star,2025-04-10
S0732,Quiz Champion,2024-12-21
S0732,Top Performer,2025-05-15
S0733,Improved Significantly,2025-04-24
S0733,Top Performer,2025-03-19
S0733,Subject Star,2025-05-02
S0733,Improved Significantly,2024-11-24
S0734,Subject Star,2025-03-18
S0734,Quiz Champion,2025-05-09
S0734,Consistent Learner,2025-03-25
S0735,Consistent Learner,2025-01-24
S0735,Subject Star,2025-03-03
S0735,Subject Star,2025-02-11
S0736,Subject Star,2025-04-07
S0736,Improved Significantly,2024-12-10
S0736,Quiz Champion,2025-02-03
S0737,Improved Significantly,2025-04-11
S0738,Top Performer,2025-01-11
S0738,Top Performer,2025-03-09
S0738,Subject Star,2025-04-20
S0738,Consistent Learner,2025-04-21
S0739,Subject Star,2025-01-01
S0740,Subject Star,2024-11-29
S0740,Consistent Learner,2025-01-22
S0741,Subject Star,2025-02-21
S0741,Consistent Learner,2025-02-27
S0742,Improved Significantly,2025-03-13
S0742,Top Performer,2025-02-22
S0742,Improved Significantly,2025-05-07
S0743,Consistent Learner,2024-12-06
S0744,Subject Star,2024-12-02
S0744,Top Performer,2025-02-07
S0744,Improved Significantly,2025-01-11
S0744,Consistent Learner,2025-03-03
S0745,Subject Star,2024-12-31
S0745,Consistent Learner,2025-01-21
S0745,Improved Significantly,2025-02-06
S0745,Quiz Champion,2024-12-27
S0746,Subject Star,2025-01-31
S0746,Top Performer,2025-03-08
S0746,Improved Significantly,2025-02-03
S0746,Top Performer,2025-02-01
S0747,Improved Significantly,2024-12-11
S0747,Improved Significantly,2025-04-22
S0748,Subject Star,2025-03-10
S0748,Subject Star,2025-04-16
S0748,Consistent Learner,2024-12-21
S0748,Consistent Learner,2025-02-12
S0749,Consistent Learner,2025-01-26
S0749,Quiz Champion,2025-04-27
S0749,Subject Star,2025-03-09
S0749,Subject Star,2025-02-08
S0750,Subject Star,2025-02-07
S0750,Quiz Champion,2025-02-28
S0751,Top Performer,2025-04-30
S0752,Quiz Champion,2024-11-30
S0752,Improved Significantly,2024-11-30
S0752,Subject Star,2025-01-04
S0752,Quiz Champion,2025-04-14
S0753,Top Performer,2025-05-20
S0754,Quiz Champion,2025-02-20
S0754,Quiz Champion,2025-01-27
S0755,Improved Significantly,2025-02-02
S0755,Top Performer,2024-12-07
S0755,Improved Significantly,2024-12-18
S0756,Quiz Champion,2025-02-14
S0757,Top Performer,2025-03-15
S0757,Improved Significantly,2025-03-10
S0758,Quiz Champion,2024-12-20
S0758,Improved Significantly,2025-01-17
S0758,Subject Star,2025-01-15
S0758,Top Performer,2025-01-09
S0759,Improved Significantly,2024-12-27
S0759,Quiz Champion,2025-05-17
S0760,Subject Star,2025-05-13
S0760,Quiz Champion,2025-03-23
S0760,Subject Star,2025-03-21
S0761,Top Performer,2025-02-24
S0761,Consistent Learner,2025-02-05
S0761,Consistent Learner,2025-02-12
S0761,Consistent Learner,2025-01-06
S0762,Top Performer,2024-11-28
S0762,Subject Star,2025-02-12
S0762,Quiz Champion,2025-02-06
S0763,Subject Star,2025-05-20
S0763,Subject Star,2025-02-01
S0763,Top Performer,2025-05-02
S0764,Top Performer,2025-04-03
S0764,Subject Star,2025-05-08
S0764,Consistent Learner,2025-04-01
S0765,Quiz Champion,2025-02-25
S0765,Subject Star,2025-03-24
S0765,Quiz Champion,2025-05-20
S0766,Improved Significantly,2025-03-19
S0766,Improved Significantly,2025-03-28
S0767,Top Performer,2025-04-05
S0768,Quiz Champion,2025-02-05
S0768,Improved Significantly,2025-04-22
S0768,Improved Significantly,2025-04-13
S0769,Improved Significantly,2025-01-21
S0769,Improved Significantly,2024-11-24
S0770,Subject Star,2025-05-23
S0771,Consistent Learner,2025-03-08
S0771,Subject Star,2025-04-07
S0771,Consistent Learner,2025-04-26
S0771,Quiz Champion,2025-03-27
S0772,Top Performer,2024-12-14
S0773,Subject Star,2025-04-19
S0773,Subject Star,2025-03-15
S0773,Top Performer,2025-02-11
S0774,Quiz Champion,2024-12-26
S0774,Quiz Champion,2025-05-22
S0775,Quiz Champion,2025-01-29
S0776,Consistent Learner,2025-01-21
S0776,Improved Significantly,2025-03-13
S0776,Improved Significantly,2025-05-12
S0776,Subject Star,2024-12-06
S0777,Consistent Learner,2025-02-19
S0777,Consistent Learner,2025-01-20
S0777,Subject Star,2025-02-04
S0777,Quiz Champion,2024-12-15
S0778,Top Performer,2024-12-08
S0779,Consistent Learner,2025-03-01
S0779,Subject Star,2025-05-12
S0779,Subject Star,2025-01-11
S0779,Improved Significantly,2025-01-30
S0780,Quiz Champion,2025-05-21
S0781,Top Performer,2025-02-03
S0781,Top Performer,2025-02-16
S0781,Improved Significantly,2025-04-11
S0781,Consistent Learner,2025-04-03
S0782,Quiz Champion,2025-02-03
S0782,Subject Star,2025-03-14
S0782,Subject Star,2025-04-19
S0783,Quiz Champion,2025-02-23
S0783,Top Performer,2025-01-10
S0783,Consistent Learner,2024-12-10
S0783,Improved Significantly,2024-12-25
S0784,Top Performer,2025-01-07
S0785,Top Performer,2025-04-06
S0785,Consistent Learner,2025-02-05
S0785,Top Performer,2024-12-07
S0786,Top Performer,2025-03-30
S0786,Top Performer,2025-02-27
S0786,Improved Significantly,2025-03-11
S0787,Improved Significantly,2025-03-31
S0787,Top Performer,2025-03-02
S0787,Subject Star,2025-05-07
S0787,Improved Significantly,2025-04-28
S0788,Consistent Learner,2025-01-05
S0789,Top Performer,2025-05-04
S0790,Improved Significantly,2025-04-25
S0790,Improved Significantly,2025-03-30
S0790,Quiz Champion,2024-12-17
S0790,Subject Star,2024-12-31
S0791,Top Performer,2025-03-19
S0791,Subject Star,2025-03-02
S0791,Improved Significantly,2024-12-01
S0792,Consistent Learner,2025-02-03
S0792,Top Performer,2025-04-14
S0793,Subject Star,2025-03-30
S0793,Subject Star,2025-02-23
S0793,Quiz Champion,2024-12-03
S0793,Top Performer,2025-03-03
S0794,Subject Star,2025-04-21
S0794,Top Performer,2025-01-21
S0794,Improved Significantly,2025-02-04
S0795,Top Performer,2025-03-06
S0795,Subject Star,2025-01-14
S0796,Subject Star,2025-05-23
S0796,Improved Significantly,2025-03-13
S0796,Quiz Champion,2025-04-10
S0796,Quiz Champion,2025-04-14
S0797,Subject Star,2025-04-30
S0797,Top Performer,2025-05-22
S0797,Improved Significantly,2025-02-10
S0797,Consistent Learner,2024-11-24
S0798,Subject Star,2025-04-21
S0799,Improved Significantly,2025-05-11
S0799,Quiz Champion,2025-03-23
S0800,Improved Significantly,2025-04-14
S0800,Consistent Learner,2025-02-03
S0800,Subject Star,2025-03-10
S0800,Consistent Learner,2025-02-28
S0801,Quiz Champion,2025-04-04
S0801,Subject Star,2024-12-17
S0801,Consistent Learner,2025-05-08
S0802,Consistent Learner,2025-03-15
S0802,Subject Star,2025-02-21
S0803,Top Performer,2024-12-09
S0803,Improved Significantly,2025-02-25
S0803,Quiz Champion,2025-04-14
S0803,Quiz Champion,2024-12-07
S0804,Quiz Champion,2025-03-27
S0804,Quiz Champion,2025-04-18
S0804,Consistent Learner,2025-01-06
S0805,Top Performer,2024-12-02
S0805,Quiz Champion,2024-12-03
S0806,Subject Star,2025-01-31
S0806,Subject Star,2025-04-06
S0806,Top Performer,2024-11-30
S0807,Improved Significantly,2025-01-29
S0807,Subject Star,2024-12-30
S0808,Subject Star,2025-02-02
S0809,Improved Significantly,2025-01-17
S0809,Improved Significantly,2025-03-01
S0810,Subject Star,2025-04-07
S0810,Subject Star,2025-04-16
S0810,Quiz Champion,2025-05-17
S0811,Top Performer,2025-01-16
S0811,Consistent Learner,2024-11-25
S0811,Top Performer,2025-03-18
S0812,Subject Star,2025-03-29
S0812,Consistent Learner,2025-01-31
S0812,Improved Significantly,2025-03-27
S0813,Subject Star,2025-01-24
S0813,Top Performer,2025-01-24
S0813,Improved Significantly,2025-03-20
S0813,Consistent Learner,2025-02-14
S0814,Consistent Learner,2024-12-06
S0814,Top Performer,2025-04-15
S0814,Subject Star,2025-05-03
S0814,Quiz Champion,2025-01-15
S0815,Quiz Champion,2025-03-07
S0815,Top Performer,2025-04-25
S0816,Top Performer,2025-05-19
S0816,Consistent Learner,2025-03-20
S0816,Improved Significantly,2025-05-17
S0816,Consistent Learner,2025-02-09
S0817,Subject Star,2025-03-12
S0817,Subject Star,2025-03-05
S0817,Consistent Learner,2024-12-27
S0817,Consistent Learner,2025-05-20
S0818,Top Performer,2025-03-22
S0818,Quiz Champion,2025-01-02
S0818,Quiz Champion,2025-04-25
S0818,Improved Significantly,2025-05-09
S0819,Top Performer,2025-05-11
S0820,Quiz Champion,2024-12-01
S0821,Quiz Champion,2025-03-23
S0821,Subject Star,2025-01-03
S0822,Improved Significantly,2025-04-23
S0822,Consistent Learner,2025-05-06
S0822,Top Performer,2025-03-28
S0822,Improved Significantly,2025-03-19
S0823,Improved Significantly,2024-12-02
S0823,Top Performer,2025-04-14
S0823,Top Performer,2025-02-20
S0823,Subject Star,2025-02-08
S0824,Improved Significantly,2025-05-20
S0824,Consistent Learner,2024-12-24
S0825,Improved Significantly,2024-12-19
S0825,Consistent Learner,2025-05-11
S0825,Consistent Learner,2025-02-04
S0825,Subject Star,2025-03-25
S0826,Top Performer,2025-02-05
S0827,Quiz Champion,2025-05-20
S0827,Top Performer,2025-01-07
S0827,Subject Star,2025-01-17
S0827,Consistent Learner,2025-01-26
S0828,Top Performer,2025-01-01
S0828,Improved Significantly,2025-01-27
S0828,Quiz Champion,2025-04-12
S0828,Top Performer,2025-03-05
S0829,Improved Significantly,2025-01-08
S0829,Improved Significantly,2025-05-05
S0829,Top Performer,2025-04-15
S0829,Quiz Champion,2025-05-19
S0830,Quiz Champion,2025-02-08
S0830,Improved Significantly,2025-02-04
S0831,Improved Significantly,2025-05-23
S0831,Quiz Champion,2025-04-06
S0831,Quiz Champion,2024-12-25
S0831,Quiz Champion,2025-02-26
S0832,Subject Star,2025-01-06
S0832,Quiz Champion,2024-12-10
S0833,Subject Star,2025-04-29
S0833,Subject Star,2025-04-08
S0833,Improved Significantly,2025-03-30
S0833,Subject Star,2025-04-18
S0834,Top Performer,2025-05-04
S0834,Consistent Learner,2024-12-10
S0835,Quiz Champion,2025-02-25
S0836,Subject Star,2024-12-20
S0836,Improved Significantly,2025-04-11
S0836,Subject Star,2025-03-15
S0836,Quiz Champion,2024-12-31
S0837,Subject Star,2025-01-15
S0837,Consistent Learner,2024-12-03
S0837,Consistent Learner,2025-03-28
S0838,Consistent Learner,2024-12-04
S0839,Improved Significantly,2025-05-08
S0839,Quiz Champion,2025-05-24
S0839,Quiz Champion,2025-03-16
S0839,Top Performer,2025-02-11
S0840,Subject Star,2025-03-21
S0841,Top Performer,2024-12-20
S0842,Top Performer,2025-03-31
S0842,Subject Star,2025-03-01
S0843,Quiz Champion,2025-01-18
S0843,Top Performer,2025-01-13
S0843,Consistent Learner,2025-03-17
S0843,Top Performer,2025-05-13
S0844,Consistent Learner,2024-12-01
S0844,Improved Significantly,2025-02-06
S0844,Quiz Champion,2025-01-12
S0845,Top Performer,2025-04-24
S0845,Consistent Learner,2025-04-15
S0845,Quiz Champion,2025-02-23
S0845,Subject Star,2025-04-04
S0846,Top Performer,2024-12-04
S0847,Quiz Champion,2025-05-06
S0847,Consistent Learner,2025-01-07
S0848,Quiz Champion,2025-04-20
S0848,Consistent Learner,2024-12-25
S0848,Improved Significantly,2025-04-27
S0849,Improved Significantly,2025-02-24
S0849,Subject Star,2024-11-29
S0849,Quiz Champion,2025-04-06
S0850,Top Performer,2025-05-22
S0850,Top Performer,2025-04-18
S0851,Subject Star,2024-12-18
S0851,Consistent Learner,2025-04-20
S0852,Consistent Learner,2025-05-03
S0853,Subject Star,2024-11-25
S0853,Subject Star,2025-05-06
S0854,Top Performer,2024-12-16
S0854,Top Performer,2025-03-15
S0854,Top Performer,2025-03-10
S0854,Consistent Learner,2025-01-02
S0855,Top Performer,2025-05-15
S0855,Quiz Champion,2025-04-27
S0855,Improved Significantly,2024-12-09
S0855,Subject Star,2025-04-08
S0856,Improved Significantly,2025-02-24
S0856,Quiz Champion,2024-12-10
S0856,Quiz Champion,2025-05-01
S0856,Subject Star,2025-02-26
S0857,Subject Star,2025-01-02
S0857,Quiz Champion,2025-05-14
S0857,Consistent Learner,2025-03-10
S0858,Top Performer,2025-04-17
S0858,Top Performer,2025-02-09
S0858,Improved Significantly,2025-04-18
S0858,Subject Star,2025-03-09
S0859,Consistent Learner,2025-04-18
S0859,Quiz Champion,2025-04-05
S0859,Quiz Champion,2025-02-28
S0860,Quiz Champion,2024-12-30
S0860,Quiz Champion,2025-04-29
S0861,Subject Star,2025-02-14
S0861,Top Performer,2025-02-22
S0861,Subject Star,2025-05-14
S0862,Quiz Champion,2025-04-24
S0862,Consistent Learner,2025-02-28
S0862,Improved Significantly,2024-12-11
S0863,Top Performer,2024-12-01
S0863,Top Performer,2025-03-20
S0864,Consistent Learner,2025-01-28
S0864,Improved Significantly,2025-05-16
S0864,Consistent Learner,2025-01-11
S0865,Subject Star,2025-04-19
S0866,Top Performer,2025-04-11
S0866,Top Performer,2025-04-22
S0866,Top Performer,2025-01-16
S0866,Top Performer,2025-05-14
S0867,Consistent Learner,2025-04-29
S0868,Consistent Learner,2025-04-08
S0868,Quiz Champion,2025-05-03
S0869,Quiz Champion,2025-01-12
S0869,Top Performer,2025-03-26
S0869,Subject Star,2024-12-17
S0869,Improved Significantly,2024-12-21
S0870,Top Performer,2025-04-17
S0871,Improved Significantly,2025-03-18
S0871,Top Performer,2025-05-14
S0872,Top Performer,2025-01-29
S0872,Top Performer,2025-02-20
S0872,Top Performer,2025-05-22
S0873,Top Performer,2025-05-11
S0874,Quiz Champion,2025-05-10
S0874,Improved Significantly,2025-04-26
S0874,Quiz Champion,2025-02-08
S0874,Subject Star,2025-03-24
S0875,Subject Star,2025-03-14
S0875,Consistent Learner,2025-02-13
S0876,Top Performer,2024-12-19
S0876,Consistent Learner,2025-04-03
S0876,Quiz Champion,2024-12-23
S0876,Quiz Champion,2025-01-04
S0877,Quiz Champion,2024-12-26
S0877,Improved Significantly,2025-04-24
S0877,Improved Significantly,2024-12-02
S0877,Quiz Champion,2025-04-02
S0878,Subject Star,2025-02-23
S0878,Improved Significantly,2024-11-26
S0878,Consistent Learner,2025-04-21
S0878,Subject Star,2024-12-29
S0879,Improved Significantly,2025-04-13
S0880,Quiz Champion,2025-04-12
S0880,Quiz Champion,2025-02-17
S0880,Top Performer,2025-05-10
S0881,Top Performer,2025-01-21
S0882,Subject Star,2025-03-25
S0882,Top Performer,2025-05-10
S0883,Subject Star,2025-03-29
S0884,Improved Significantly,2025-04-11
S0884,Quiz Champion,2025-02-12
S0884,Top Performer,2024-12-03
S0885,Top Performer,2025-02-15
S0885,Subject Star,2025-01-20
S0885,Subject Star,2025-01-15
S0886,Subject Star,2025-03-20
S0887,Improved Significantly,2024-11-27
S0887,Quiz Champion,2024-11-28
S0888,Improved Significantly,2025-04-20
S0888,Consistent Learner,2025-01-05
S0889,Top Performer,2025-03-17
S0889,Quiz Champion,2025-03-08
S0889,Subject Star,2025-05-21
S0889,Top Performer,2025-01-16
S0890,Improved Significantly,2025-02-24
S0891,Quiz Champion,2025-02-09
S0891,Consistent Learner,2025-02-14
S0891,Improved Significantly,2025-03-07
S0891,Top Performer,2025-02-23
S0892,Consistent Learner,2025-04-22
S0892,Subject Star,2025-02-10
S0893,Quiz Champion,2025-02-05
S0893,Top Performer,2025-05-01
S0893,Subject Star,2024-11-29
S0894,Consistent Learner,2025-01-09
S0895,Improved Significantly,2025-01-31
S0895,Improved Significantly,2024-12-28
S0895,Top Performer,2025-03-25
S0896,Subject Star,2025-04-14
S0897,Improved Significantly,2025-05-12
S0897,Improved Significantly,2024-12-31
S0897,Top Performer,2025-01-27
S0897,Subject Star,2025-03-22
S0898,Top Performer,2025-03-26
S0899,Consistent Learner,2025-01-21
S0899,Improved Significantly,2024-12-12
S0899,Consistent Learner,2024-12-31
S0899,Top Performer,2025-03-04
S0900,Subject Star,2025-03-11
S0900,Consistent Learner,2025-03-12
S0900,Improved Significantly,2025-04-13
S0900,Quiz Champion,2025-04-18
S0901,Top Performer,2025-04-23
S0901,Improved Significantly,2025-04-03
S0901,Improved Significantly,2025-01-04
S0902,Subject Star,2024-12-07
S0902,Improved Significantly,2025-01-22
S0903,Quiz Champion,2025-01-13
S0903,Consistent Learner,2025-02-28
S0904,Subject Star,2025-05-18
S0904,Consistent Learner,2025-03-07
S0905,Consistent Learner,2025-01-21
S0906,Quiz Champion,2025-01-30
S0906,Improved Significantly,2025-02-04
S0907,Consistent Learner,2025-04-19
S0907,Quiz Champion,2024-11-26
S0907,Consistent Learner,2025-01-28
S0907,Improved Significantly,2025-04-04
S0908,Improved Significantly,2024-12-15
S0908,Top Performer,2025-05-02
S0908,Top Performer,2025-03-18
S0909,Improved Significantly,2024-12-05
S0910,Quiz Champion,2025-04-01
S0911,Subject Star,2025-05-18
S0911,Improved Significantly,2025-02-28
S0911,Subject Star,2025-05-25
S0911,Consistent Learner,2025-05-21
S0912,Improved Significantly,2024-12-13
S0912,Top Performer,2025-04-16
S0913,Consistent Learner,2025-02-11
S0913,Top Performer,2024-11-30
S0913,Improved Significantly,2024-12-05
S0914,Consistent Learner,2025-02-18
S0914,Improved Significantly,2025-05-10
S0915,Quiz Champion,2025-01-15
S0915,Consistent Learner,2024-11-25
S0915,Top Performer,2025-04-13
S0915,Quiz Champion,2025-01-11
S0916,Subject Star,2025-01-09
S0916,Consistent Learner,2025-03-26
S0917,Top Performer,2025-01-15
S0917,Subject Star,2024-11-30
S0917,Quiz Champion,2024-12-24
S0918,Consistent Learner,2025-02-21
S0918,Top Performer,2025-01-06
S0918,Consistent Learner,2024-12-08
S0918,Consistent Learner,2024-12-22
S0919,Quiz Champion,2025-01-27
S0919,Consistent Learner,2025-04-06
S0920,Subject Star,2025-03-20
S0920,Top Performer,2024-12-26
S0920,Subject Star,2025-01-10
S0921,Improved Significantly,2025-01-18
S0921,Subject Star,2025-01-27
S0922,Improved Significantly,2025-03-02
S0922,Quiz Champion,2025-03-20
S0923,Quiz Champion,2025-01-11
S0924,Quiz Champion,2024-12-13
S0925,Top Performer,2024-11-26
S0926,Subject Star,2025-05-25
S0926,Consistent Learner,2025-01-29
S0927,Top Performer,2025-04-22
S0928,Subject Star,2025-01-10
S0928,Top Performer,2024-11-24
S0928,Top Performer,2025-02-11
S0928,Subject Star,2025-02-25
S0929,Improved Significantly,2025-03-14
S0929,Quiz Champion,2025-03-18
S0929,Top Performer,2025-03-14
S0929,Quiz Champion,2025-02-16
S0930,Subject Star,2024-12-08
S0930,Improved Significantly,2025-03-18
S0931,Quiz Champion,2025-03-08
S0931,Quiz Champion,2024-12-08
S0931,Top Performer,2025-03-25
S0932,Top Performer,2025-01-08
S0932,Top Performer,2025-05-17
S0932,Quiz Champion,2025-02-22
S0932,Quiz Champion,2024-12-06
S0933,Top Performer,2025-01-10
S0933,Top Performer,2025-02-27
S0933,Improved Significantly,2025-05-23
S0933,Consistent Learner,2025-03-16
S0934,Quiz Champion,2025-01-20
S0934,Top Performer,2025-04-14
S0934,Quiz Champion,2025-04-17
S0935,Top Performer,2025-01-23
S0935,Improved Significantly,2025-03-18
S0935,Improved Significantly,2024-11-25
S0935,Consistent Learner,2025-01-09
S0936,Top Performer,2024-12-11
S0937,Top Performer,2025-01-14
S0937,Improved Significantly,2025-03-27
S0937,Quiz Champion,2025-02-17
S0937,Quiz Champion,2025-05-22
S0938,Quiz Champion,2025-03-04
S0938,Top Performer,2025-02-13
S0939,Quiz Champion,2025-01-20
S0939,Improved Significantly,2024-12-02
S0940,Subject Star,2025-05-20
S0940,Quiz Champion,2025-02-05
S0940,Top Performer,2025-01-08
S0940,Subject Star,2025-05-08
S0941,Quiz Champion,2025-02-16
S0941,Subject Star,2024-12-19
S0942,Improved Significantly,2025-02-16
S0942,Top Performer,2024-12-22
S0942,Consistent Learner,2024-11-24
S0943,Quiz Champion,2024-12-01
S0943,Improved Significantly,2025-02-10
S0943,Subject Star,2024-12-26
S0944,Subject Star,2025-05-23
S0944,Quiz Champion,2025-04-12
S0945,Consistent Learner,2024-12-27
S0945,Quiz Champion,2025-04-21
S0946,Improved Significantly,2024-12-14
S0946,Improved Significantly,2025-04-02
S0947,Quiz Champion,2025-05-01
S0947,Quiz Champion,2024-12-26
S0948,Improved Significantly,2025-04-27
S0948,Consistent Learner,2024-12-09
S0948,Top Performer,2025-03-06
S0949,Quiz Champion,2025-04-05
S0949,Top Performer,2025-03-01
S0949,Improved Significantly,2025-05-12
S0949,Consistent Learner,2025-01-22
S0950,Consistent Learner,2025-03-05
S0951,Consistent Learner,2025-02-01
S0951,Consistent Learner,2025-02-09
S0951,Top Performer,2025-01-20
S0951,Improved Significantly,2025-03-03
S0952,Subject Star,2024-12-02
S0952,Top Performer,2025-05-11
S0952,Subject Star,2025-04-03
S0952,Improved Significantly,2024-12-21
S0953,Quiz Champion,2024-12-30
S0953,Consistent Learner,2025-04-20
S0954,Improved Significantly,2024-12-17
S0954,Top Performer,2025-02-07
S0954,Improved Significantly,2025-03-28
S0954,Consistent Learner,2025-03-11
S0955,Top Performer,2025-04-22
S0955,Quiz Champion,2025-01-11
S0955,Quiz Champion,2025-05-03
S0956,Improved Significantly,2025-01-05
S0956,Top Performer,2025-02-15
S0957,Quiz Champion,2025-04-02
S0957,Quiz Champion,2025-02-08
S0957,Subject Star,2025-04-19
S0958,Top Performer,2025-01-27
S0958,Subject Star,2025-05-25
S0959,Improved Significantly,2025-01-26
S0959,Top Performer,2025-04-26
S0960,Consistent Learner,2024-12-08
S0960,Improved Significantly,2025-05-10
S0960,Subject Star,2025-04-10
S0960,Consistent Learner,2024-11-26
S0961,Quiz Champion,2025-01-08
S0962,Quiz Champion,2025-03-25
S0962,Subject Star,2025-05-20
S0963,Improved Significantly,2025-05-19
S0963,Quiz Champion,2025-04-15
S0964,Consistent Learner,2025-01-30
S0965,Top Performer,2025-05-02
S0965,Top Performer,2025-05-21
S0965,Top Performer,2025-02-14
S0966,Subject Star,2025-05-05
S0966,Subject Star,2025-01-19
S0966,Top Performer,2025-04-11
S0967,Quiz Champion,2025-02-10
S0967,Consistent Learner,2025-05-08
S0967,Quiz Champion,2025-04-04
S0968,Quiz Champion,2024-12-29
S0968,Subject Star,2024-12-31
S0969,Top Performer,2025-01-27
S0970,Consistent Learner,2025-02-23
S0970,Improved Significantly,2025-02-20
S0970,Subject Star,2025-02-07
S0971,Improved Significantly,2025-04-08
S0971,Top Performer,2025-02-22
S0971,Improved Significantly,2025-05-16
S0971,Consistent Learner,2025-05-17
S0972,Consistent Learner,2025-03-10
S0972,Subject Star,2025-03-02
S0973,Top Performer,2024-12-13
S0973,Top Performer,2025-02-12
S0974,Top Performer,2025-04-20
S0975,Improved Significantly,2024-12-24
S0975,Quiz Champion,2025-04-01
S0975,Top Performer,2025-05-24
S0975,Top Performer,2025-01-03
S0976,Subject Star,2025-02-05
S0976,Improved Significantly,2025-05-12
S0976,Improved Significantly,2025-02-27
S0977,Quiz Champion,2025-01-01
S0977,Consistent Learner,2025-01-18
S0978,Quiz Champion,2024-12-15
S0978,Improved Significantly,2024-11-29
S0978,Improved Significantly,2025-05-24
S0978,Improved Significantly,2024-12-12
S0979,Subject Star,2025-01-30
S0979,Consistent Learner,2024-12-03
S0979,Consistent Learner,2024-12-08
S0979,Top Performer,2025-01-12
S0980,Consistent Learner,2025-05-08
S0980,Subject Star,2025-01-14
S0980,Improved Significantly,2024-12-02
S0981,Improved Significantly,2025-03-01
S0981,Consistent Learner,2024-12-22
S0981,Subject Star,2025-03-20
S0982,Improved Significantly,2025-03-06
S0982,Top Performer,2025-03-05
S0982,Consistent Learner,2025-01-29
S0982,Top Performer,2025-03-22
S0983,Subject Star,2025-02-28
S0983,Quiz Champion,2024-12-18
S0983,Improved Significantly,2024-12-31
S0984,Quiz Champion,2024-12-01
S0984,Subject Star,2024-12-31
S0984,Subject Star,2025-04-13
S0984,Top Performer,2025-01-15
S0985,Subject Star,2025-01-13
S0986,Top Performer,2024-12-11
S0986,Quiz Champion,2025-04-24
S0986,Consistent Learner,2025-03-09
S0987,Consistent Learner,2025-01-19
S0987,Top Performer,2025-05-07
S0988,Top Performer,2025-01-12
S0988,Quiz Champion,2025-04-27
S0988,Improved Significantly,2025-04-24
S0989,Subject Star,2025-05-15
S0990,Subject Star,2025-03-21
S0990,Top Performer,2025-05-17
S0990,Improved Significantly,2025-04-04
S0991,Improved Significantly,2024-12-03
S0992,Subject Star,2025-04-23
S0992,Subject Star,2025-04-24
S0992,Subject Star,2025-04-23
S0993,Top Performer,2024-11-28
S0993,Consistent Learner,2025-02-09
S0994,Top Performer,2025-04-07
S0994,Subject Star,2025-04-07
S0994,Consistent Learner,2024-12-17
S0995,Consistent Learner,2024-11-25
S0995,Improved Significantly,2025-05-12
S0995,Consistent Learner,2025-01-12
S0996,Improved Significantly,2025-05-11
S0996,Subject Star,2025-05-14
S0997,Quiz Champion,2025-03-10
S0997,Consistent Learner,2024-12-03
S0998,Subject Star,2025-04-05
S0998,Subject Star,2025-03-19
S0999,Quiz Champion,2024-12-26
S0999,Improved Significantly,2025-02-01
S0999,Top Performer,2024-12-22
S1000,Improved Significantly,2025-04-03
S1000,Quiz Champion,2024-12-22
S1000,Quiz Champion,2024-12-19
