parent_id,name,email,phone,child_student_id
P0001,Jennifer Meyers,patrickwilson@example.com,+1-246-759-1706x7446,S0001
P0002,Howard Davis,novakchristian@example.net,001-566-419-7498x042,S0002
P0003,Jonathan Johnson,brendawhite@example.com,001-386-736-4381x14934,S0003
P0004,Sandra Smith,sherry03@example.com,(606)721-8835,S0004
P0005,Steven Todd,hudsonmario@example.net,360-465-8402,S0005
P0006,Jermaine Rodriguez,dylanrogers@example.com,715-224-2949,S0006
P0007,Timothy Allen,belllinda@example.com,812-732-2972,S0007
P0008,Dr. Tyler Johnson,mayeradrian@example.org,(671)727-3916x117,S0008
P0009,Angela Gutierrez,lrogers@example.net,001-378-944-2484x102,S0009
P0010,Kenneth Holt,sfisher@example.net,3892914150,S0010
P0011,Amanda Bell,jeffreysanders@example.org,(297)981-7851,S0011
P0012,Alicia Porter,kara03@example.net,510-737-1828,S0012
P0013,Russell Young,andrewryan@example.net,(928)302-5876x718,S0013
P0014,Fred Larson,wilsontyler@example.com,(468)373-3534,S0014
P0015,Erin Smith,jocelyn15@example.com,459.334.1172x521,S0015
P0016,Kendra Garcia,christopher63@example.org,001-587-603-8996,S0016
P0017,Gail Garcia,margaret87@example.net,(434)269-2725,S0017
P0018,Jacob West,rachaelwilliams@example.org,001-763-832-1291,S0018
P0019,Eric Fitzgerald,mark88@example.net,+1-886-980-7800x17317,S0019
P0020,Barry Gallagher,lopeznicole@example.com,+1-884-499-7638x28888,S0020
P0021,Amanda Cook,nathaniel89@example.net,(964)653-3615x295,S0021
P0022,Lance Watson,linda50@example.net,(368)503-6920x48543,S0022
P0023,Kyle Gonzalez,cookbrenda@example.com,001-343-664-3001x479,S0023
P0024,Christopher Miller,qcoleman@example.com,+1-420-581-1394x00215,S0024
P0025,Kevin Rangel,jennifer82@example.org,420.699.4519x48948,S0025
P0026,James Allen,adavis@example.com,001-910-710-4816x765,S0026
P0027,Jordan Walker,jonathanlogan@example.org,730.558.5836x40302,S0027
P0028,Justin Green,kristen73@example.com,2312746306,S0028
P0029,Teresa Mccormick,gutierrezchad@example.org,753-609-0004x1293,S0029
P0030,David Warner,lori58@example.org,+1-542-408-1184x6090,S0030
P0031,Nicholas Gill,howardschultz@example.com,+1-923-703-9606x521,S0031
P0032,Kelly Hanson,ngreene@example.net,001-759-777-8235,S0032
P0033,Eric Garcia,zwhitaker@example.com,(626)802-3707x479,S0033
P0034,Debbie Lopez,thomasmichael@example.org,234.978.7825,S0034
P0035,Amy Buchanan,castilloalexander@example.com,(540)362-4096x72017,S0035
P0036,Joan Horton,oliviabishop@example.org,831-336-9518x8891,S0036
P0037,Jonathan Copeland,kevinnorton@example.com,+1-287-750-8744x49958,S0037
P0038,Anthony Frost,samanthatorres@example.net,+1-611-988-5678x67600,S0038
P0039,Jesse Johnson,marilynsanchez@example.com,(344)934-4957x17627,S0039
P0040,Mary Walker,ramirezmichael@example.com,874.815.5768x938,S0040
P0041,Jessica Davis,michael20@example.org,764-917-8335,S0041
P0042,David Kline,clee@example.net,(851)976-1692x54859,S0042
P0043,Cheryl Sherman,brownmary@example.net,932-309-2129,S0043
P0044,Larry White,bradley45@example.org,+1-625-996-3680x5336,S0044
P0045,Judith Rosario,wandawalker@example.org,+1-882-383-7236,S0045
P0046,Benjamin Keller,michael23@example.net,413.618.4580x321,S0046
P0047,Madeline Williams,npreston@example.com,2823745136,S0047
P0048,Jennifer Bell,brianbolton@example.net,+1-932-898-5349x54020,S0048
P0049,Jenna Thompson,bradley24@example.net,+1-735-964-6182x69616,S0049
P0050,Thomas Hoover,udavenport@example.net,+1-484-350-6221,S0050
P0051,Mark Mccormick,katelyn42@example.org,236-710-8635x171,S0051
P0052,Julia Clarke,tonyasmith@example.net,001-764-273-5957,S0052
P0053,Bryan Smith,thomasmark@example.org,001-555-391-9572,S0053
P0054,Kayla Brown,rhodesjeffrey@example.net,744.577.1974x7287,S0054
P0055,Andrea Santiago,evansbianca@example.com,001-849-975-5417x2245,S0055
P0056,John Fox,jenniferestrada@example.com,+1-599-762-2742x99075,S0056
P0057,James Thompson,qnguyen@example.com,259.854.9347,S0057
P0058,Robert Mcmahon,marcushart@example.com,411.626.5124,S0058
P0059,Jason Barnett,liupatrick@example.net,999.429.1214,S0059
P0060,Lisa Baker,hmyers@example.org,4552099688,S0060
P0061,Sarah Pitts,jonathan58@example.net,211.705.6635,S0061
P0062,Jennifer Mitchell,harrellrebecca@example.com,(954)721-8332x839,S0062
P0063,George Nichols,wprince@example.net,001-723-215-7415,S0063
P0064,Melinda George,lhenderson@example.net,(289)664-3490,S0064
P0065,Andrea Shaffer MD,tracipayne@example.org,291-439-0353x75161,S0065
P0066,Carl Williams,priceashley@example.com,699-456-3392x446,S0066
P0067,Eric Norris,stevensonjulia@example.com,819.238.0189,S0067
P0068,Joel Hughes,susanlawson@example.com,2683468510,S0068
P0069,Tammy Thompson,darrell34@example.net,311.994.1711,S0069
P0070,Sarah Davis,moodyjohnny@example.org,(553)289-4360,S0070
P0071,Thomas Blake,ashleyshepard@example.com,+1-244-527-6103x5602,S0071
P0072,Michael Smith,joshua72@example.com,+1-846-870-7741x046,S0072
P0073,Jessica Vazquez,barbarasimmons@example.com,001-694-839-7485x22720,S0073
P0074,Benjamin Johnson,dianataylor@example.org,894.885.5718,S0074
P0075,Mr. Cameron Kaufman,stephanie43@example.org,524.388.7292,S0075
P0076,Ashley Haney,gmontgomery@example.net,(220)695-7447x613,S0076
P0077,Edward Holmes,taylorhayley@example.org,001-385-912-0524x8293,S0077
P0078,William Collins,barrsteven@example.net,672-627-5862,S0078
P0079,Michael Frye,valdezjoe@example.org,001-214-716-6040x46643,S0079
P0080,Michael Hayes,vzimmerman@example.net,001-503-347-2099x2204,S0080
P0081,Jacqueline Schneider,larrynichols@example.org,(366)694-8288,S0081
P0082,Jonathan Woods,acampos@example.net,993-378-5573,S0082
P0083,Brenda Pope,sarahdavis@example.com,(290)876-9778x053,S0083
P0084,William Todd,masseykurt@example.org,519-336-1058x52898,S0084
P0085,Amber Travis,chris75@example.org,895.547.4059,S0085
P0086,Jessica Oneal,emily57@example.com,205-654-2344,S0086
P0087,Edward Baldwin,michael03@example.org,(306)980-1378x1213,S0087
P0088,Lori Taylor,amy43@example.com,001-687-760-5371x148,S0088
P0089,Sandra Thomas,vfry@example.com,751-908-8003,S0089
P0090,Christopher Goodman,mitchelljustin@example.net,811.932.9158,S0090
P0091,Ashley Kaufman,millerchristine@example.org,001-321-872-1473x22256,S0091
P0092,Lisa Morris,hunterdenise@example.com,001-396-314-1969,S0092
P0093,Gwendolyn Nichols,michaela63@example.net,(304)627-5878,S0093
P0094,Cynthia Krause,mooredavid@example.net,001-610-330-7170,S0094
P0095,Adam Bowman,andrea87@example.net,748-376-7468,S0095
P0096,Erin Conley,spencerdavid@example.com,843.869.8375,S0096
P0097,William Mckee,cruzbrent@example.net,(676)568-6369,S0097
P0098,Paul Mills,lindahaley@example.org,(641)643-1425x3450,S0098
P0099,Paul Hamilton,lisaharris@example.net,296.767.6642,S0099
P0100,Michael Davis,melanie18@example.net,(707)254-8724x52477,S0100
P0101,Melinda Clark,xphillips@example.net,001-708-729-3623x45772,S0101
P0102,Samantha Richardson,vpaul@example.org,303.572.9142x906,S0102
P0103,Jordan Duncan,victoriawheeler@example.com,(217)877-3474,S0103
P0104,James Macias,jamescollins@example.net,999.312.0272,S0104
P0105,Laura Webb,rhondamendez@example.com,(497)864-5687,S0105
P0106,Vincent Smith,carrie11@example.net,924.716.3088,S0106
P0107,Angela Anderson,wchristensen@example.com,(961)621-6079x03186,S0107
P0108,Regina Banks,laura48@example.net,+1-357-857-3998x0026,S0108
P0109,Cameron Miller MD,justin99@example.org,+1-272-903-4739x10601,S0109
P0110,Justin Hayes Jr.,david39@example.com,+1-941-237-7978x453,S0110
P0111,David Patton,amber97@example.net,525-532-6952x83162,S0111
P0112,Wanda Marquez,henrydaniel@example.org,286.732.8822x316,S0112
P0113,Pamela Dean,lisamontoya@example.net,+1-445-261-1413x8710,S0113
P0114,Christopher Foster,rachellawrence@example.org,(578)603-1767x32542,S0114
P0115,Robert Washington,scotttiffany@example.com,001-486-500-1565x046,S0115
P0116,Steven Hernandez,yjensen@example.net,(973)773-3540x5050,S0116
P0117,Mark Young,ashleydavis@example.org,(406)543-8421,S0117
P0118,Penny Rosario,cobbchristopher@example.org,498-944-9106,S0118
P0119,Zachary Brown,krodriguez@example.net,282.545.4015,S0119
P0120,Dr. Jeffrey Smith,kenneth00@example.org,637-354-0417,S0120
P0121,Keith Cooper,jasminepowell@example.com,6742165687,S0121
P0122,Mark White,tbrown@example.net,717-679-2750x3680,S0122
P0123,Jennifer Davis,bwilson@example.com,001-890-682-2483,S0123
P0124,Robert Arnold,achan@example.net,001-239-847-8042x40982,S0124
P0125,Madison Palmer,craiggarza@example.net,697-912-6628x544,S0125
P0126,Sharon Sawyer,bsanders@example.net,807-698-3674x28901,S0126
P0127,Sarah Collins,dakotapierce@example.net,001-907-839-8908x532,S0127
P0128,Travis Jenkins,woodkyle@example.net,+1-343-990-0205x115,S0128
P0129,Leroy Howard,krose@example.net,+1-608-560-5499x39104,S0129
P0130,Julie Sharp,leemackenzie@example.com,001-497-432-9822x8909,S0130
P0131,Becky Hernandez,miguel50@example.com,936-657-2894x0494,S0131
P0132,Rachel Jackson,xwright@example.com,+1-554-976-4709x894,S0132
P0133,John Bishop,sabrinaenglish@example.net,(930)910-2045,S0133
P0134,Jason Bell Jr.,evelynhowell@example.org,748-281-8376x146,S0134
P0135,Andrea Jackson,jessica94@example.org,488.432.7226x557,S0135
P0136,Ronald Smith,tatesheena@example.org,(338)448-5721,S0136
P0137,Bradley Hart,sarah86@example.org,974.692.0468,S0137
P0138,Dr. Gregory Martinez,oenglish@example.net,844-709-8736x868,S0138
P0139,Michael Yates,bkelley@example.net,390-976-0673x62251,S0139
P0140,William Garcia,smithkatherine@example.org,+1-585-730-6421x99117,S0140
P0141,Joseph Jones,timothymorgan@example.com,001-267-223-7652x00462,S0141
P0142,Allison Fitzpatrick,asimmons@example.org,(506)481-9893x78265,S0142
P0143,Alexis Wagner,james00@example.net,+1-904-748-8226,S0143
P0144,Cody Hampton,fieldsglenn@example.org,(542)729-8822,S0144
P0145,Colin Smith,manuel04@example.net,5047608653,S0145
P0146,Jared Ross,sharvey@example.com,368-537-7858x1105,S0146
P0147,Whitney Gonzalez,dwashington@example.com,+1-619-865-3037x5118,S0147
P0148,John Brown,james89@example.com,243.471.1271x915,S0148
P0149,Steven Freeman,travis26@example.com,(837)582-5551x909,S0149
P0150,Caitlin Miller,freemandavid@example.com,313-281-1722,S0150
P0151,Alex Turner,arthur01@example.net,001-410-591-3422x092,S0151
P0152,Susan Thomas,kjohnson@example.com,802-335-0752,S0152
P0153,Andrew Anderson,wking@example.com,(834)448-2145x813,S0153
P0154,Wendy Patterson,baldwinchristine@example.org,+1-747-627-8944x813,S0154
P0155,Krystal Gentry,crice@example.org,001-313-786-1099,S0155
P0156,Amber Robertson,bbright@example.net,511-624-2535x7036,S0156
P0157,Paul Stone,taylorpaul@example.com,001-730-916-4422x448,S0157
P0158,Amy Hubbard,ngraham@example.net,5484070093,S0158
P0159,Mary Morales,ttran@example.org,001-271-947-5413x5902,S0159
P0160,Patricia Downs,ejennings@example.com,535-802-4225,S0160
P0161,Christina Gardner,rachel86@example.net,998-770-3680,S0161
P0162,Steven Hahn,elewis@example.net,838.988.1313x895,S0162
P0163,Bonnie Johnson,michael15@example.com,(870)964-8177,S0163
P0164,Jennifer Cordova,olozano@example.net,001-243-337-2059,S0164
P0165,Eduardo Dawson,kristawilson@example.org,268-256-1281,S0165
P0166,Jeffrey Cortez,kristen76@example.net,001-877-981-1922x77339,S0166
P0167,Tara Fisher DDS,morgankristen@example.org,773.736.0015,S0167
P0168,Denise Martinez,shawnwoods@example.com,001-555-601-6085x34801,S0168
P0169,Taylor Peterson,jennifergreen@example.org,(918)323-9059x378,S0169
P0170,Martha Dixon,gomezlindsey@example.net,758-818-9879x0164,S0170
P0171,Caleb Allen,tarajenkins@example.com,+1-663-967-2017,S0171
P0172,Deborah Boone,juliabaldwin@example.org,001-498-303-6458x813,S0172
P0173,Linda Black,estephens@example.com,001-517-280-8824x872,S0173
P0174,Gina Carlson,jeremy64@example.org,+1-892-534-8394x3276,S0174
P0175,Benjamin Woods,thomas26@example.org,757.942.7836,S0175
P0176,Hunter Cannon,hendersonjames@example.net,205-796-0181x6016,S0176
P0177,Wayne Gutierrez,nicolechase@example.net,001-988-919-9085,S0177
P0178,Carmen Huber MD,briannagonzalez@example.org,4193555319,S0178
P0179,Matthew Young,hoffmanheather@example.com,735.628.6014,S0179
P0180,Brandy Clark,brandiosborn@example.net,839-417-0041,S0180
P0181,Ruth Nichols,campbellvictor@example.org,(417)728-0293,S0181
P0182,Emily Lewis,wadeshelly@example.org,869-782-4302,S0182
P0183,Mr. Matthew Brown,diana54@example.net,930-876-8097x54137,S0183
P0184,Joe Edwards,snydertony@example.org,(595)555-5294,S0184
P0185,Melinda Johnston,joycejoseph@example.net,001-546-628-2959x9000,S0185
P0186,Douglas Black,stephen18@example.net,+1-455-904-9480,S0186
P0187,Gregory Miller,jgreen@example.org,826.559.3222,S0187
P0188,Leslie Jones,stephanie77@example.org,001-343-489-6659x473,S0188
P0189,Alex Soto,lisahill@example.net,+1-833-479-9760x298,S0189
P0190,Kerry Wood,victorramos@example.org,954.724.1943x4703,S0190
P0191,Steven Reese,patrick61@example.net,558-372-8939,S0191
P0192,Richard Davis,brandonsexton@example.com,+1-342-433-3351x79969,S0192
P0193,Benjamin Ferrell,harrislauren@example.org,234-387-9644,S0193
P0194,Melissa Rogers,bridgesmegan@example.org,+1-287-872-2184x631,S0194
P0195,Diane Jones,holderkaren@example.org,3767874610,S0195
P0196,Jeffrey Bennett,nunezbenjamin@example.net,001-420-639-9583x7818,S0196
P0197,Joan Hamilton,eric88@example.org,001-385-632-9030x551,S0197
P0198,April Duffy,gregory42@example.org,(528)985-7176x47083,S0198
P0199,Andrew Allen,xvazquez@example.net,282.449.3901,S0199
P0200,Bob Weber,lisalopez@example.com,498.260.3341x920,S0200
P0201,Rebecca Mejia,mooremark@example.org,+1-415-349-6501x07908,S0201
P0202,Brandon Clark,cannoncheyenne@example.org,(200)822-1674x8136,S0202
P0203,Sylvia Johnson,isawyer@example.net,(737)754-2840x63093,S0203
P0204,James Blake,gjefferson@example.net,+1-808-671-1220x52165,S0204
P0205,Daniel Powell,lcampbell@example.com,224.531.3868x493,S0205
P0206,Joshua Foster,tammy88@example.net,(791)274-4883,S0206
P0207,Chad Petty,christopher19@example.org,(706)239-4554x4972,S0207
P0208,Tammy Curry,bstephens@example.com,001-383-585-4674,S0208
P0209,Elizabeth Wells,david58@example.com,815.338.2795x81987,S0209
P0210,Michael Taylor,allisongaines@example.org,001-442-863-4062x8430,S0210
P0211,Arthur Park,martinezjames@example.org,884-798-6583,S0211
P0212,Paul Lee,leeemily@example.com,001-401-227-1755x2981,S0212
P0213,Shannon James,charleswilliams@example.net,001-853-675-6690x512,S0213
P0214,Eugene Hooper,alicia24@example.org,418.526.1697x173,S0214
P0215,Patricia Carroll,chadlara@example.net,979-329-4993,S0215
P0216,John Conway IV,whiteellen@example.org,917.903.5321x093,S0216
P0217,Jill Matthews,rogerskevin@example.net,(886)791-0520x5010,S0217
P0218,Jack Woods,brandonsampson@example.org,629.897.1754x146,S0218
P0219,Alan Orozco,terri24@example.net,6194081315,S0219
P0220,Jerome Massey,anitalewis@example.com,6828508221,S0220
P0221,Don Hopkins,joann60@example.com,233-934-3059x4350,S0221
P0222,Karen Gonzales,cynthia42@example.com,340-720-4134,S0222
P0223,Michael Blackburn,richardfleming@example.com,+1-803-694-5291x29134,S0223
P0224,Kirk Gonzalez,elizabethgray@example.com,660.900.1662,S0224
P0225,Hannah Garcia,lortiz@example.org,555-703-5575x4778,S0225
P0226,Judith Wilson,mlynch@example.net,473.223.1065x9728,S0226
P0227,Jeffrey Padilla,nicole56@example.org,296.338.2318,S0227
P0228,Jacqueline Mcpherson,myerstricia@example.net,+1-560-615-9142x710,S0228
P0229,Matthew Castillo,holdenmatthew@example.com,(345)292-9368x955,S0229
P0230,Karen White,dennisderek@example.com,001-822-737-9789,S0230
P0231,Alexander Gallegos,stephenscarolyn@example.net,4153201565,S0231
P0232,Kim Patel MD,spenceremily@example.org,001-292-423-2313x79425,S0232
P0233,Barbara Newman,morrisjerome@example.net,(236)680-6029x31354,S0233
P0234,Ashley Lee,allison40@example.com,001-330-749-2134x766,S0234
P0235,Christopher Wells,smithcarol@example.net,+1-819-784-1731x97821,S0235
P0236,Xavier Stevens,richardholmes@example.com,2509319626,S0236
P0237,Crystal Jones,paulmontgomery@example.com,(274)355-0031x4956,S0237
P0238,Amber Anderson,garciabarbara@example.com,(747)674-2127x916,S0238
P0239,Glenda Greene,jjohnston@example.org,761-595-8025x45157,S0239
P0240,Dana Myers,tracy01@example.net,748.488.9919x14201,S0240
P0241,Elizabeth Adkins,abenson@example.net,(616)541-9192x689,S0241
P0242,Christina Murphy,bradley06@example.com,001-647-364-0396x689,S0242
P0243,William Woods,carlsondaniel@example.org,(283)396-6192x04143,S0243
P0244,Ronald Clark,moorecraig@example.com,889.898.5149x2743,S0244
P0245,Richard Walker,johnnycook@example.org,+1-361-780-1681x6348,S0245
P0246,Kayla Robertson,robinsonrichard@example.org,+1-643-700-4687x31691,S0246
P0247,Michael Smith,thomasmelissa@example.org,972.448.4564x2515,S0247
P0248,Lindsey York,theresawilliams@example.com,(398)532-7514x943,S0248
P0249,Joann Rodgers,riveraconnie@example.net,+1-213-421-7459x481,S0249
P0250,Chelsea Woods,fsmith@example.net,877.447.8118,S0250
P0251,Dylan Holder,blakegreen@example.com,652-276-6008x29722,S0251
P0252,Lee Anderson,lmartinez@example.com,(617)211-1015,S0252
P0253,Anne James,omercado@example.net,946-391-9227x988,S0253
P0254,Brittney Miller,marilynholloway@example.com,640.678.8165x576,S0254
P0255,George Banks,laura62@example.com,001-657-901-6751,S0255
P0256,Jennifer Young,krausejonathan@example.com,2522092463,S0256
P0257,Jenny Simmons,danielle27@example.net,001-781-272-8199x484,S0257
P0258,Angela Russell,meyervictoria@example.net,(360)235-0777,S0258
P0259,Theodore Jones,shieldsrichard@example.org,001-493-639-2820,S0259
P0260,Michael Pope,thompsonmichelle@example.com,8138575266,S0260
P0261,Elizabeth Blackwell,sanchezmichelle@example.com,+1-689-602-8011x22280,S0261
P0262,Victor Whitaker,cooperstacey@example.com,001-396-794-5246x23157,S0262
P0263,Benjamin Hall,dianesullivan@example.com,305-541-6224x8528,S0263
P0264,Brittany Jones,lhood@example.net,+1-637-316-4354x670,S0264
P0265,Joseph Wilson,mccormickdouglas@example.com,490-537-5046,S0265
P0266,David Hart,tamitaylor@example.org,(321)200-7628x421,S0266
P0267,Juan Hancock,markmunoz@example.org,320-620-7064x0575,S0267
P0268,Donald Mckinney MD,wtorres@example.org,861.219.5473x6825,S0268
P0269,Stephen Franco,davidmendoza@example.com,001-234-516-1869x0352,S0269
P0270,Karen Horn,rivasdaniel@example.com,(354)856-5795x322,S0270
P0271,Richard Valencia,omyers@example.com,001-954-586-3650x1781,S0271
P0272,Daniel Robinson,joshuaromero@example.com,344-318-7571x118,S0272
P0273,Jeremiah Murillo,georgebrooks@example.com,(727)814-6971x807,S0273
P0274,Tara Stevens,garcianicole@example.org,201.295.6791x9272,S0274
P0275,Barbara Pitts,zrich@example.net,(816)720-5210,S0275
P0276,Jason Miller,patriciafigueroa@example.org,979.980.9488x84546,S0276
P0277,Heather Brown,chernandez@example.net,001-328-449-2417x516,S0277
P0278,Kathleen Hernandez,asheppard@example.com,287.925.0038,S0278
P0279,Courtney Webster,christinemills@example.com,694.458.1592x415,S0279
P0280,Amanda Miranda,timothy87@example.com,001-412-516-2579x624,S0280
P0281,Robert Chapman,pruittrichard@example.org,7914175895,S0281
P0282,Denise Scott,andrew92@example.com,+1-483-566-7615,S0282
P0283,Keith Woods Jr.,williamsonjesse@example.net,398.643.5191,S0283
P0284,Brett Parrish,cgross@example.org,001-591-474-3337x508,S0284
P0285,Annette Perez,vgibson@example.com,640-412-8288,S0285
P0286,Charles Hall,ysnyder@example.org,001-636-509-3841x62588,S0286
P0287,David Booker,fhernandez@example.com,502-490-8753,S0287
P0288,Tonya Anderson,brownchristine@example.com,715.540.7293,S0288
P0289,Jesse Wright,uburns@example.org,(666)786-9687,S0289
P0290,Sheila Hughes,tmurphy@example.org,+1-821-377-6272x642,S0290
P0291,Heather Turner,ashleybarton@example.com,455.850.7115x927,S0291
P0292,Kaitlin Carrillo,garciapatty@example.com,4449219342,S0292
P0293,Jennifer Nelson,turnerpeter@example.org,2832386712,S0293
P0294,Nicole Espinoza,millertimothy@example.net,306.314.1455,S0294
P0295,Kristin Long,promero@example.org,001-834-450-5131x675,S0295
P0296,Jeremiah Curtis,washingtonshawn@example.org,399.986.9045x22301,S0296
P0297,James Camacho,rodriguezaaron@example.org,228.639.8383,S0297
P0298,Melissa Randall,tammy55@example.org,7419623518,S0298
P0299,Veronica Mejia,lori50@example.net,369-610-1928x9220,S0299
P0300,Kelly Hayes,jason22@example.org,246-763-1417x89064,S0300
P0301,Douglas Hopkins,calderonharold@example.net,(372)678-0036x882,S0301
P0302,Robert Wood,bbenson@example.com,001-929-837-7401x5557,S0302
P0303,Derek Hayden,melissa73@example.org,994.356.0821x1790,S0303
P0304,Whitney Brown,taylortrujillo@example.org,(783)892-0725x203,S0304
P0305,Angela Spencer,cooktanya@example.net,302-935-3039x598,S0305
P0306,Kevin Meyer,martinanna@example.com,001-953-984-8735x62654,S0306
P0307,Brenda Allen,josehall@example.com,001-204-281-8125x7981,S0307
P0308,David Phillips,zcrawford@example.org,356.571.6530x0333,S0308
P0309,Willie Keith,oavila@example.org,(949)528-5264,S0309
P0310,Terri Doyle,melindalucas@example.com,(758)925-4134,S0310
P0311,Brittney Johnson,isabeldyer@example.com,001-301-777-8942x289,S0311
P0312,Lucas Hess,longnicole@example.net,341.344.9050x149,S0312
P0313,Sara Byrd,caroline74@example.com,2903033127,S0313
P0314,Ashley Cervantes,amy18@example.net,915-596-1999x132,S0314
P0315,Teresa Wu,vperez@example.org,553.374.8537x77656,S0315
P0316,Kimberly Johnson,nfoley@example.org,581-599-4820x32774,S0316
P0317,Dr. David Marquez,fernando12@example.org,7298665252,S0317
P0318,Paul Quinn,gstevens@example.com,778-449-9526,S0318
P0319,Jason Carpenter,autumn98@example.net,001-787-251-6572x28877,S0319
P0320,Stephanie Carpenter,timothy32@example.com,8545664644,S0320
P0321,Andrew Taylor,amycastro@example.org,612.850.2800,S0321
P0322,Amanda Smith,michaelpotter@example.org,+1-385-949-6145,S0322
P0323,Jeanette Cooper,jphillips@example.net,686-391-6752,S0323
P0324,Jonathon Oconnor,kellivaldez@example.net,782.387.1788,S0324
P0325,Eric Sawyer,taylorwillie@example.com,(618)512-8210,S0325
P0326,James Welch,sdelgado@example.org,+1-908-464-8811x9201,S0326
P0327,Fernando Bentley,hernandezellen@example.com,+1-982-803-9490,S0327
P0328,Felicia Mcdonald,thomasmichelle@example.net,452-636-8841x314,S0328
P0329,Brooke Gilmore,yhoover@example.com,(301)821-7474x0132,S0329
P0330,Jonathan Ramirez,fernandezrobert@example.net,+1-340-390-5706x0537,S0330
P0331,Laura Peterson,jessesanchez@example.org,001-923-357-9093x516,S0331
P0332,Kathy Silva,justin17@example.net,+1-653-820-1008x3407,S0332
P0333,Jose Arnold,melissa01@example.com,921-325-2274,S0333
P0334,Jose Carroll,lawsontina@example.com,+1-826-730-2512x85430,S0334
P0335,Dwayne Martin,jesse20@example.net,001-752-688-3451x901,S0335
P0336,Tara Conrad,jwelch@example.net,+1-820-903-9464x95822,S0336
P0337,Bianca Nichols,davidellison@example.org,(952)459-9572,S0337
P0338,Michael King,schaeferjason@example.net,001-714-576-0203x20444,S0338
P0339,Christopher Johnson,bradleyvictoria@example.com,965-904-0836,S0339
P0340,James Valdez,howardmary@example.net,794.434.8268,S0340
P0341,Mr. Brian Carlson,jcarpenter@example.org,(300)600-3863x38673,S0341
P0342,Beth Ross,andersonsamantha@example.net,240.434.9740,S0342
P0343,Madison Hunter,wademario@example.org,001-424-474-5579x643,S0343
P0344,Vincent Thompson,lisa94@example.com,(749)410-1806x42707,S0344
P0345,Brandon Garza,erin76@example.com,(550)721-0946,S0345
P0346,Amy Clark,davisdonna@example.org,297-211-9025x302,S0346
P0347,Lisa Boyd,ecaldwell@example.org,+1-701-895-1980x21010,S0347
P0348,Misty Walker,randerson@example.net,693.274.3576,S0348
P0349,Mrs. Amanda Garza,peggy73@example.org,001-600-489-4298x13453,S0349
P0350,Jeff Ferguson,jeffreymiller@example.org,+1-890-324-1382x53330,S0350
P0351,Michelle Brown,joshua79@example.com,+1-634-726-9144x8463,S0351
P0352,Dennis Anderson,ronald94@example.com,356-861-4283,S0352
P0353,Steven Anderson,costabrenda@example.net,782.699.6545,S0353
P0354,Robin Tyler,bakerjeffrey@example.org,(939)462-1635,S0354
P0355,Joseph Bass,samantha29@example.net,915.739.8600x764,S0355
P0356,Michael Hays,samuelbrown@example.net,001-384-546-9285x065,S0356
P0357,David Jones,smithderek@example.net,338-714-3153x674,S0357
P0358,Eric Choi,rachelnelson@example.net,792-520-5399x266,S0358
P0359,David Ramirez,joseph41@example.com,001-429-976-2663x1522,S0359
P0360,Michael Carr,joshuaross@example.org,(561)895-8252x084,S0360
P0361,Angela Wilkinson,gallegoscheryl@example.net,7376971028,S0361
P0362,Matthew Fleming,benjaminvargas@example.net,2626670384,S0362
P0363,Renee Barajas,virginia96@example.org,619.764.3364,S0363
P0364,Joshua Jackson,danieljones@example.com,(626)429-5830x87497,S0364
P0365,Thomas Lewis,jeffrey08@example.net,(987)724-3953,S0365
P0366,Michael Nguyen,swilson@example.net,3178714908,S0366
P0367,Darlene Davis,hdonovan@example.org,302-324-2356x869,S0367
P0368,Michael Brown,thomasbrandon@example.org,+1-491-398-3929x91877,S0368
P0369,Yesenia Stephens,dmiller@example.net,7936536306,S0369
P0370,Whitney Holmes,tinaholder@example.net,(885)414-8478,S0370
P0371,Courtney Lopez,donovanbryan@example.net,+1-521-793-5505x4966,S0371
P0372,Nicholas Clayton,julie42@example.net,(231)917-1315,S0372
P0373,Jasmine Gay,matthew02@example.com,001-443-850-1322x9370,S0373
P0374,Rachel Anderson,vpatton@example.org,+1-317-746-2010x87053,S0374
P0375,Rachel Clayton,ewells@example.net,+1-953-796-5271,S0375
P0376,Nathan Jackson,omargraham@example.net,(769)645-8360x4795,S0376
P0377,Brooke Willis,rmueller@example.com,001-492-411-4479x855,S0377
P0378,Joseph Moyer,englishluke@example.net,+1-745-286-2265,S0378
P0379,Alyssa Bonilla,bryanpratt@example.org,(530)597-5460,S0379
P0380,James Perkins,jessicaarmstrong@example.org,395.218.7567,S0380
P0381,Christina Walker,christopherelliott@example.net,(384)557-1551x4771,S0381
P0382,Chelsea Fischer,kenneth68@example.net,+1-988-564-7057,S0382
P0383,Cindy Davis,millerandrew@example.com,(302)424-9972,S0383
P0384,Michael Price,zimmermanjacqueline@example.com,+1-246-948-7256x3449,S0384
P0385,Cynthia Lee,baxtermary@example.net,001-723-745-3627x3590,S0385
P0386,Mary Hurst,upineda@example.net,001-680-384-0534x45597,S0386
P0387,Kathy Mitchell MD,tjackson@example.com,270.389.0417x561,S0387
P0388,Andrew Harris,michelle46@example.org,639-855-1962,S0388
P0389,James Ball,harmoncarrie@example.net,611-547-6177,S0389
P0390,Pamela Wilson,kingjesse@example.com,511.952.0705,S0390
P0391,Samuel Holmes,gamblebrian@example.org,(969)809-0198x2671,S0391
P0392,Janice Gonzalez,stephanie21@example.org,969-588-5154x980,S0392
P0393,Christopher Wells,marshallcandice@example.com,001-893-359-8977,S0393
P0394,Robert Edwards,conniewest@example.com,+1-704-257-2792,S0394
P0395,Maria Christensen,ballardjustin@example.net,+1-245-665-3265x8765,S0395
P0396,Angela Park,christinathompson@example.net,+1-908-770-1681,S0396
P0397,Andrea Duncan,kent30@example.com,+1-537-601-1021x25342,S0397
P0398,Nicholas Cooper,lrose@example.org,470-630-7915x1758,S0398
P0399,Steven Adams,chavezallen@example.org,(220)530-9571x05217,S0399
P0400,Carolyn Duran,emilywalter@example.com,745.614.0136x6294,S0400
P0401,Jon Henderson,brenda42@example.net,9087724232,S0401
P0402,Dawn Meyer,lmata@example.com,(764)629-7274,S0402
P0403,Joseph Hill,fweaver@example.com,(524)510-5626,S0403
P0404,Christopher Miller,ebeck@example.net,(374)498-0886x5027,S0404
P0405,Melissa Bush,kathleenvalenzuela@example.net,(352)977-7889x719,S0405
P0406,Nicholas Fletcher,gordon31@example.org,001-937-470-1332x096,S0406
P0407,Jasmine Thomas,alan59@example.com,001-865-876-3094x05547,S0407
P0408,Tiffany Morrison,sgarcia@example.com,001-216-467-8838x89344,S0408
P0409,Terry Davis,todd37@example.com,792.554.8117,S0409
P0410,Megan Sanchez,joshua98@example.net,897.968.6724x0445,S0410
P0411,Ian Williams,barretttroy@example.org,(301)995-8232,S0411
P0412,Peter Johnson,victor15@example.com,979.914.8411x490,S0412
P0413,Taylor Dougherty,ewebb@example.org,985.866.9417,S0413
P0414,Kevin Wood,shari86@example.org,817-289-9557x09039,S0414
P0415,John Walters,iowen@example.org,+1-742-364-2100x3295,S0415
P0416,Daniel Archer,megan48@example.com,464.529.5771x34313,S0416
P0417,Yesenia Hernandez,hcompton@example.org,+1-226-386-2913x5703,S0417
P0418,Jennifer Green,yjohnston@example.com,739.980.7366,S0418
P0419,Antonio Silva,steven37@example.com,001-599-386-4404,S0419
P0420,Sarah Bowers,kbishop@example.com,(655)515-1696x57972,S0420
P0421,Daniel Mullins,pbarry@example.org,+1-444-402-3510x721,S0421
P0422,Mark Cline,mitchellaaron@example.net,372-388-7773x423,S0422
P0423,Justin Hendricks,moorelacey@example.org,(852)643-9287x62565,S0423
P0424,Linda Kennedy,thomas57@example.org,656-850-5933x1550,S0424
P0425,Heather Taylor,grahamalexis@example.org,440-435-2846x99858,S0425
P0426,Jeffrey Serrano,curtisbrown@example.org,001-794-430-3459x225,S0426
P0427,Jesse Ramirez,garciagreg@example.com,952.431.9903,S0427
P0428,Larry Stevens,jason39@example.com,(659)780-3862,S0428
P0429,Ebony Haley,holly84@example.net,001-470-502-6314x128,S0429
P0430,Kelly Hall,christinabooth@example.net,+1-339-865-5468,S0430
P0431,Amy Spears,bridgesedwin@example.com,828-692-0697x50143,S0431
P0432,Carol Jackson,michellebrown@example.org,449.224.5131,S0432
P0433,Bryan Nielsen,kylesmall@example.org,(474)262-7915x361,S0433
P0434,Dr. Michael Bates,saundersmegan@example.org,+1-603-420-3979x1805,S0434
P0435,David Morton,gerald22@example.com,7866436381,S0435
P0436,Ryan Strong,mccormickmichelle@example.org,4389373707,S0436
P0437,Charlotte Gutierrez,gardnerlarry@example.net,553.673.8909x12535,S0437
P0438,Ronald Fields,pmontes@example.com,350.707.0057x2879,S0438
P0439,Gary Allen,flewis@example.net,(649)646-2436,S0439
P0440,Angelica Dunlap,damonjensen@example.org,001-723-307-0487,S0440
P0441,Tony Russell,chooper@example.com,001-309-858-0643x9535,S0441
P0442,Sara Stone,ssmith@example.org,001-774-882-6785x23406,S0442
P0443,Wendy Horton,dominguezcharles@example.net,(340)965-0929x834,S0443
P0444,Michael Stewart,william92@example.net,001-642-419-9228x9820,S0444
P0445,Marcus Gross,carolyn11@example.net,001-910-750-7433,S0445
P0446,Rebekah Johnson,nelsonjuan@example.net,311.740.5015,S0446
P0447,Deborah Washington,millercrystal@example.org,001-473-781-3939x5104,S0447
P0448,Steven Brown,calvingonzales@example.org,918.909.6608,S0448
P0449,Christina Sosa,thughes@example.net,671.429.5083x772,S0449
P0450,Candice Peterson,moondanielle@example.com,(598)469-6059x984,S0450
P0451,Michelle Saunders,ryanmiller@example.net,+1-880-417-7455x542,S0451
P0452,Crystal Nelson,adriangross@example.org,+1-233-650-3278,S0452
P0453,Stephen Jones DDS,johnsonchristopher@example.net,286-240-7570,S0453
P0454,Ashley Craig,duncanmichelle@example.net,991-828-4201x734,S0454
P0455,James Black,jenniferprice@example.com,(633)592-2202,S0455
P0456,Dr. Jason Best Jr.,richard20@example.net,283.614.6137,S0456
P0457,Tara Mcneil,carlosmcmillan@example.net,538-791-1540,S0457
P0458,Stephen Thompson,wross@example.com,604.379.5523,S0458
P0459,Lori Mills,aaronhall@example.org,820-215-9342x94616,S0459
P0460,Diana Alvarado,ashleywilliams@example.net,(283)337-8084,S0460
P0461,Joseph Grimes,marthapayne@example.com,001-658-259-8926,S0461
P0462,Heidi Contreras,scott41@example.com,(699)610-4689,S0462
P0463,Kenneth Cooper,jennifervalentine@example.org,001-860-686-2689x63914,S0463
P0464,Susan Keller,medinamichael@example.org,546-871-4074,S0464
P0465,Gary Woodard,stephen79@example.net,(829)849-2298x470,S0465
P0466,Sara Lopez,wilsoneric@example.org,8068204151,S0466
P0467,Nicole Estrada,garciamonica@example.org,001-487-262-7876x9411,S0467
P0468,Danielle Morris,lorilewis@example.org,001-858-818-9909,S0468
P0469,Micheal Russell,christopherallen@example.net,2378538740,S0469
P0470,Jesus Moore,jessica42@example.org,(909)916-3797x96870,S0470
P0471,James Ayala,christina43@example.com,956-497-6466x398,S0471
P0472,Erica French,grahamangela@example.com,6183007941,S0472
P0473,Kimberly West,gjackson@example.com,682.422.8310x425,S0473
P0474,Carlos Cohen,sarah47@example.org,666-654-4221x12756,S0474
P0475,Megan Soto,madeline46@example.org,286.498.7197,S0475
P0476,Joan George,meaganwilkinson@example.org,001-713-831-4217x271,S0476
P0477,Jamie Miller,cindyriggs@example.org,213.793.6404,S0477
P0478,Sheila Beard,amanda75@example.org,+1-547-869-3548,S0478
P0479,Alexis Nelson,kmendoza@example.org,001-680-701-6521,S0479
P0480,Jennifer Hanson,charlesdavis@example.net,+1-203-989-4274x9469,S0480
P0481,Heather Thompson,daniellejones@example.com,(905)346-7727x124,S0481
P0482,Lori Garner,wriddle@example.com,727.865.5810x739,S0482
P0483,Kelsey Miles,amanda12@example.org,001-259-349-4108x44694,S0483
P0484,Hector Smith,wardjeffrey@example.com,8792761680,S0484
P0485,Lisa Stein,kaylaadams@example.com,618.498.0037x195,S0485
P0486,Casey Lamb,ramirezcharles@example.org,+1-844-485-4414x5678,S0486
P0487,Kelly Jones,salasfrank@example.net,(459)274-2783,S0487
P0488,James Brown,markbranch@example.net,+1-574-516-8723,S0488
P0489,William Hunt,gregoryferrell@example.com,(635)758-2593x917,S0489
P0490,Jonathan Valenzuela,zlucas@example.com,647.471.0254x6009,S0490
P0491,Donald Morales,holmespatrick@example.com,+1-543-867-2887x4744,S0491
P0492,William Hoffman,jamessullivan@example.net,+1-754-694-5003x358,S0492
P0493,Robert Evans,maria16@example.org,724.646.4823x9392,S0493
P0494,Abigail Fields,jnorris@example.net,243.556.6333x03380,S0494
P0495,Nicole Gonzales,rossjohn@example.com,+1-230-208-4929x8987,S0495
P0496,Jeremy Mendez,dscott@example.com,+1-594-766-4738x6523,S0496
P0497,Krista Williams,hschmidt@example.net,(818)444-8104x7882,S0497
P0498,Tony Osborne,bryan03@example.net,9535292430,S0498
P0499,Michael Harris,timothy02@example.net,362.807.7915,S0499
P0500,Michael Davies,washingtonalicia@example.org,857-711-0265,S0500
P0501,Angela Nelson,jenniferhumphrey@example.com,001-412-557-9273x264,S0501
P0502,Alyssa Salinas,justin67@example.com,640-376-6301x808,S0502
P0503,Rachel Frederick,robinsonbrian@example.org,001-461-487-6753x822,S0503
P0504,Jenny Taylor,adamspaul@example.net,(441)335-7925,S0504
P0505,Michael Price,blucas@example.net,(606)896-7465x675,S0505
P0506,Amy Forbes,molly80@example.net,(790)777-1542x28948,S0506
P0507,Cynthia Young,edwin90@example.com,6238141102,S0507
P0508,Benjamin Hansen,lturner@example.net,+1-570-338-3506x95821,S0508
P0509,Kristine Welch,elliottamber@example.com,(714)537-6192x891,S0509
P0510,Jennifer Barnes,wagnerjustin@example.com,234.963.9693,S0510
P0511,Justin Wagner,areid@example.net,+1-649-304-5858x30556,S0511
P0512,Shawn Duncan,michael81@example.org,714-323-4451x56109,S0512
P0513,Elizabeth Maxwell,kberry@example.com,+1-289-353-4405x50142,S0513
P0514,Stacie Morris,vschmitt@example.com,458-652-3125x88329,S0514
P0515,Jennifer Miller,rebecca58@example.com,3645309579,S0515
P0516,Spencer Ford,oconnellbrandon@example.org,884.271.6090x41785,S0516
P0517,Kevin Warner,howard92@example.org,+1-996-726-0775x7025,S0517
P0518,William Mcclain,pnash@example.org,(826)227-0071x861,S0518
P0519,Sherri Watson,derekdiaz@example.org,5927558968,S0519
P0520,Tammy Garcia,adamlowery@example.net,(710)747-8319x40864,S0520
P0521,Dustin Anderson,rachelwilson@example.com,433.779.1870x95648,S0521
P0522,Jane Clark,amanda87@example.com,546-463-6140x03477,S0522
P0523,Matthew Brown,scottlawrence@example.org,3696028746,S0523
P0524,Dustin Phillips,lancebrown@example.org,001-302-725-8256x018,S0524
P0525,Mr. Mike Frazier DDS,stephensbrian@example.org,(646)637-1941,S0525
P0526,Laura Burke,xroth@example.net,001-575-758-1812,S0526
P0527,Levi Miranda,moorerobert@example.net,351-882-7011x636,S0527
P0528,Brian Bridges,linda51@example.com,001-638-299-8790x2040,S0528
P0529,Angela Rodriguez,janetrobertson@example.org,001-601-694-7124x276,S0529
P0530,Michael Powers,jennifermullins@example.com,2772262273,S0530
P0531,Daniel Willis,millermichael@example.com,(531)204-6380x7818,S0531
P0532,Emily Anderson,jessica29@example.com,738.442.6019,S0532
P0533,Michael Lewis,ejohnson@example.org,001-936-378-4553x480,S0533
P0534,Ashley Gonzalez,jefferymonroe@example.org,+1-818-204-3504x284,S0534
P0535,Erica Harris,catherine36@example.net,+1-393-809-3084x359,S0535
P0536,Christopher Jordan,josephyoung@example.net,(218)411-4886,S0536
P0537,Steve Hunt,mwilliams@example.com,2916027099,S0537
P0538,Catherine Harrell,odonnellmichael@example.org,001-561-412-3076x140,S0538
P0539,Robert Rodgers,xnavarro@example.net,001-735-286-1678,S0539
P0540,Michelle Jones,dawn32@example.net,844-973-2446x09351,S0540
P0541,Travis Potter,snyderjulie@example.org,816.282.1640x000,S0541
P0542,Brian Mason,hberry@example.org,(780)356-1063,S0542
P0543,Brooke Hood,penatina@example.net,+1-923-917-1785x4625,S0543
P0544,Meghan Soto,yanderson@example.org,(565)564-7278x23472,S0544
P0545,Jonathan Tucker,xwilliams@example.org,+1-238-485-3037x01586,S0545
P0546,Roberto Duran,thomasjennifer@example.org,001-883-369-9040,S0546
P0547,Christopher Ellis,campbelladam@example.com,916.375.1031x973,S0547
P0548,Nicole Le,katierogers@example.org,485.466.7900x065,S0548
P0549,Kevin Ware,gacosta@example.com,(401)414-5111,S0549
P0550,Lisa Church,jimenezwilliam@example.com,001-688-209-4572x562,S0550
P0551,Jessica Sanders DDS,scott68@example.net,681-548-0258x926,S0551
P0552,Richard Key,karengarcia@example.com,001-321-297-1185,S0552
P0553,Eric Thompson,aburch@example.org,463.669.7841,S0553
P0554,Angel Reynolds,bryanhunter@example.com,700-546-0701x326,S0554
P0555,Ian Campbell,tsmith@example.org,(999)805-0390,S0555
P0556,Rebecca Boyd,yphillips@example.net,513-294-6361x6096,S0556
P0557,Grant Miller,joshua56@example.net,+1-210-615-5679x61051,S0557
P0558,Lindsey Morris,ashleyjenkins@example.net,+1-806-759-1186,S0558
P0559,Brittany Jenkins,aconway@example.com,890-593-9876x9327,S0559
P0560,Mrs. Holly Reyes,randy80@example.net,951.639.0117x712,S0560
P0561,Mackenzie Carney,pharris@example.org,7148969647,S0561
P0562,Amber Donaldson,toniwalsh@example.org,+1-696-390-7108,S0562
P0563,Christopher Green,deborah76@example.com,+1-496-814-3068x8430,S0563
P0564,Jacob Pace,autumnrussell@example.net,533-243-6748x15527,S0564
P0565,Jose Lam,travis23@example.net,+1-858-879-3537x129,S0565
P0566,Drew Rodriguez,melissa76@example.org,(395)955-4308x61070,S0566
P0567,Jordan Aguirre,mcdowellaaron@example.com,+1-404-495-3251,S0567
P0568,Victoria Chavez,shamilton@example.com,(261)306-2611x209,S0568
P0569,Anthony Vargas,charlesstrickland@example.org,289-461-1423,S0569
P0570,Charlene Martin,colin54@example.org,569-305-7662x1075,S0570
P0571,Sherri Gallegos,joshuawaters@example.net,598.373.7450x37237,S0571
P0572,Travis Miller,ingramtimothy@example.org,(750)232-1576x849,S0572
P0573,Mr. Joseph Davis,jadams@example.org,001-652-483-2102x893,S0573
P0574,Emily Gomez,patrick87@example.com,577.563.0084,S0574
P0575,Latasha Williams,elizabeth82@example.org,(376)769-3670,S0575
P0576,Franklin Harrington,chess@example.com,761.648.2841x04630,S0576
P0577,Mark Maldonado,mccoytiffany@example.com,3525262385,S0577
P0578,Lawrence Wilson,wigginsjulie@example.org,001-957-561-5453x16842,S0578
P0579,Cindy Park,bauerstephen@example.com,(786)280-5946,S0579
P0580,James Bass,rebecca04@example.net,(308)982-2564x21799,S0580
P0581,Anthony Dixon,ariana53@example.com,(826)624-5049x756,S0581
P0582,Tanner Anderson,jonescynthia@example.net,001-202-503-5123x0609,S0582
P0583,David Moon,sharon12@example.org,+1-745-833-9279x4115,S0583
P0584,Jasmine Carson,jason63@example.org,(959)974-2987x875,S0584
P0585,Jimmy Stephens,juliejohnston@example.org,(595)267-7244,S0585
P0586,Sarah Martin,chadryan@example.org,(835)810-2636x1096,S0586
P0587,Marvin Garcia,nguyenjesse@example.org,001-400-360-4936x652,S0587
P0588,Scott Gomez Jr.,xbaker@example.org,(981)996-6060x8981,S0588
P0589,Michelle Torres,scott62@example.net,729-654-6073,S0589
P0590,Anthony Allen,tracey07@example.org,(488)252-9962x7879,S0590
P0591,Tracy Hill,tblair@example.org,+1-932-216-3014x357,S0591
P0592,Richard Mason,dennis10@example.net,356-743-8756x549,S0592
P0593,Andrea Nelson DVM,todd43@example.org,647.434.2901x9303,S0593
P0594,Maria Ayers,brooketaylor@example.com,+1-277-407-1452x8215,S0594
P0595,Mrs. Anna Williams,erussell@example.org,995-209-0798x814,S0595
P0596,Peter Farrell,matthew80@example.net,583.985.8173,S0596
P0597,Heather Espinoza,manuelkim@example.net,862.359.4390x4594,S0597
P0598,Kari Hayes,montgomeryanthony@example.org,642-889-9013,S0598
P0599,Matthew Sandoval,bethanyrodriguez@example.org,401.425.3857,S0599
P0600,Teresa Burke,amy72@example.org,001-846-641-8672x733,S0600
P0601,Brandon Mcmahon,connerjeffrey@example.org,519.655.6500x6739,S0601
P0602,Gregory Baldwin,yreid@example.org,001-789-227-5005,S0602
P0603,Ruth Beltran,jeffery24@example.com,240.391.6161x17446,S0603
P0604,Samantha Hines,jeffrey17@example.com,001-323-476-6812,S0604
P0605,William Garrett,michellemarks@example.com,+1-850-667-2807x352,S0605
P0606,Holly Bradshaw,teresahaley@example.com,(534)486-6100x1735,S0606
P0607,Laura Bonilla,bbell@example.net,336-663-9299,S0607
P0608,Sheila Dean,geraldhall@example.org,263.892.0470,S0608
P0609,David Stephens,tanyahorton@example.net,+1-351-207-5599x8875,S0609
P0610,Jesse Fisher,fisherphilip@example.org,+1-635-924-8806x73267,S0610
P0611,David Richards,amanda87@example.net,+1-387-886-0595x00952,S0611
P0612,Andrew Werner,mstewart@example.org,525.837.4589x79411,S0612
P0613,Robert Hudson,mooreautumn@example.org,(780)825-7312x974,S0613
P0614,Alexis Vance,zoe17@example.com,+1-967-976-3836,S0614
P0615,Wanda Clark,markbrooks@example.net,+1-705-895-0612x28071,S0615
P0616,Amy Shea,jeffrey21@example.org,+1-769-787-7854x6462,S0616
P0617,Sandra Gomez,amberbrewer@example.net,482-886-6096,S0617
P0618,Jenny Rush,dmurray@example.net,408.233.2672x56544,S0618
P0619,Brandi Kidd,aosborne@example.com,+1-542-851-6936x9031,S0619
P0620,Bradley Hunter,leahfarley@example.org,733-971-4631,S0620
P0621,James Wilson,brenda55@example.net,001-685-930-5350x069,S0621
P0622,Michelle Hunter,adammartin@example.net,876-708-7987x9278,S0622
P0623,Samantha Hampton,weberjames@example.com,+1-817-833-5797x180,S0623
P0624,Jennifer Brown,adkinsmelissa@example.net,912-415-7753x9994,S0624
P0625,Megan Caldwell,nicole36@example.net,(399)249-2524,S0625
P0626,Donald Simpson,kennethsuarez@example.net,001-334-805-8214x7700,S0626
P0627,Jennifer Carr,nicolesharp@example.com,001-281-672-6452x6533,S0627
P0628,Lisa Thompson,erickennedy@example.net,001-672-357-8631x063,S0628
P0629,Troy Hughes,chapmananthony@example.net,(889)368-2996,S0629
P0630,Kerri Hunt,uanderson@example.com,001-948-630-8864x9468,S0630
P0631,Christopher Henderson,reidjohn@example.com,926.752.6962x327,S0631
P0632,James Kennedy,denise33@example.org,+1-874-234-1220x6146,S0632
P0633,Charles Jones,martinezebony@example.net,7764108685,S0633
P0634,Andrew Smith,paynealexander@example.com,(402)612-1929x67791,S0634
P0635,Angela Johnson,james66@example.org,570-233-1096x786,S0635
P0636,Ashley Green,morrisonsamuel@example.org,960.227.6356x5714,S0636
P0637,Diane Ellis,markramirez@example.com,(219)752-6319x86845,S0637
P0638,Christina Oconnell,barbarashaw@example.org,(431)918-7449x1971,S0638
P0639,Heather Taylor,kcox@example.org,778.839.4595,S0639
P0640,Brittany Gonzalez,joegray@example.org,247-470-4221,S0640
P0641,Mark Santana,erikjordan@example.com,001-689-784-1688x71344,S0641
P0642,Randy Thompson,bryce36@example.org,4483337188,S0642
P0643,Brandi Thomas,williamsjuan@example.org,(724)713-8822,S0643
P0644,Kathleen Jones,englishlisa@example.net,(428)338-9748,S0644
P0645,Anne Landry,lori75@example.org,823-349-8358x55715,S0645
P0646,Jillian Padilla,michele26@example.org,279-687-7536,S0646
P0647,Scott Schneider,wilsonryan@example.com,001-257-630-2904,S0647
P0648,Laura Cannon,donaldmaldonado@example.com,364.316.7334,S0648
P0649,Mary Dixon,michael43@example.net,656.956.5838x8755,S0649
P0650,Andrew Rice,tammy82@example.net,3303962242,S0650
P0651,Robert Garcia,michaelcannon@example.com,6615279255,S0651
P0652,Elizabeth Tanner,robert28@example.net,335.214.3086x961,S0652
P0653,Aaron Park,wendy21@example.com,001-365-258-6382x9134,S0653
P0654,Terri Huber,joshuamerritt@example.com,569.737.5855,S0654
P0655,Dustin Benton,ymarshall@example.net,+1-925-283-9043x81421,S0655
P0656,Edward Nolan,mortonchristine@example.org,900-620-3739,S0656
P0657,Rhonda Johnson,paulwolf@example.com,+1-427-750-1967x49388,S0657
P0658,Bruce Ryan,smithangela@example.com,571-407-8326x28725,S0658
P0659,Thomas Flynn,fnielsen@example.org,906.915.8915,S0659
P0660,Caroline King,abigailbell@example.net,980.787.1121,S0660
P0661,Aaron Hernandez,wgrant@example.com,+1-274-534-2030x10675,S0661
P0662,Cindy Baker,keithgray@example.org,001-820-754-2478,S0662
P0663,Kendra Hunt,huntbrad@example.org,(421)281-9241,S0663
P0664,Michelle Terry,woodkimberly@example.com,(929)637-7413x67031,S0664
P0665,Jill Raymond,cynthia93@example.net,4239609207,S0665
P0666,Michael Brown,brownmeghan@example.net,+1-797-940-1965x5901,S0666
P0667,Laura Robinson,melinda66@example.com,001-862-838-0941,S0667
P0668,Joseph Cummings,manderson@example.com,225.794.0242x5298,S0668
P0669,Thomas Gallagher,zdean@example.com,(347)887-6892x0527,S0669
P0670,Steven Castaneda,vlopez@example.com,001-709-258-8421x39238,S0670
P0671,Roy Ortiz,johnsoncarmen@example.com,(782)978-5482,S0671
P0672,Karen Mercado,perkinsjulie@example.org,630-924-0532x690,S0672
P0673,Elizabeth Payne,martinezchristopher@example.org,799-638-3414,S0673
P0674,Jeremy Perkins,daniel23@example.com,9299130106,S0674
P0675,Isabella Johnson,ehunter@example.net,289-777-9645,S0675
P0676,Amanda Jones,mbradley@example.org,422.342.6024x0737,S0676
P0677,Thomas Green,wmiller@example.com,(572)825-3630,S0677
P0678,Gregory Jones,carolynfernandez@example.org,225.591.0499,S0678
P0679,Miranda Camacho,awright@example.com,+1-470-576-0667x19859,S0679
P0680,Gregory Watkins,littleshelley@example.net,669.516.5059x698,S0680
P0681,Erica Wells,patrick77@example.net,928.461.8589,S0681
P0682,Monica Tucker,ambermartin@example.org,+1-675-303-4995x22804,S0682
P0683,Erik Evans,april54@example.com,291.873.1095,S0683
P0684,Bradley Johnson,harrisaaron@example.net,001-267-718-6249x39177,S0684
P0685,Cynthia Gray,smithshawn@example.org,532.332.5134x17783,S0685
P0686,Derek Miranda,ochoakenneth@example.net,001-267-934-2086,S0686
P0687,Vincent Stuart,likelli@example.net,+1-824-524-8157x968,S0687
P0688,George Reynolds,davidsmith@example.org,758-276-6499x44260,S0688
P0689,Colleen Haas,tjackson@example.org,799.487.3138x8462,S0689
P0690,Debbie Wolf,jessicarichardson@example.net,(420)998-1548,S0690
P0691,Christine Lam,michele40@example.org,(919)372-3317,S0691
P0692,Shane Jones,christopher60@example.net,2503064624,S0692
P0693,Zachary Mccullough,ljones@example.com,+1-298-547-1275x80656,S0693
P0694,Mr. Craig Davis DDS,christopher98@example.com,946-851-7564x6352,S0694
P0695,Lynn Vang,xnicholson@example.net,535.414.4949x629,S0695
P0696,Ryan Brown,zballard@example.org,(308)544-6444,S0696
P0697,Linda Alvarez DDS,tina27@example.net,(838)539-1151,S0697
P0698,Lisa Parks,ahanson@example.net,867-625-6095x840,S0698
P0699,Megan Bailey,zlyons@example.org,551.696.0435x0661,S0699
P0700,Margaret Carr,qhubbard@example.net,+1-706-505-7883x7896,S0700
P0701,Rebecca Bryant,caleb44@example.net,717-580-4203x602,S0701
P0702,Sherry Cox,boydholly@example.org,7805253024,S0702
P0703,Thomas Gutierrez,rachaelbrewer@example.org,(705)552-1606,S0703
P0704,Arthur Diaz,ndelgado@example.net,001-626-564-3617x1106,S0704
P0705,Cory Taylor,ashlee72@example.net,+1-864-603-1263x719,S0705
P0706,Jodi Terry,kimberly45@example.com,663-819-9814x78031,S0706
P0707,Monica Johnson,ccampbell@example.org,6579122759,S0707
P0708,Laura Santos,nfrazier@example.net,001-389-416-0751x943,S0708
P0709,Adam Kline,jhayes@example.org,001-786-518-4396,S0709
P0710,Carol Odonnell,sgomez@example.com,001-725-237-9140x228,S0710
P0711,Kendra Carter,qbennett@example.com,+1-317-803-1401,S0711
P0712,Brian Mitchell,thorntonbrenda@example.com,001-729-444-9928x73626,S0712
P0713,Jason Richards,rjones@example.net,508.648.5118,S0713
P0714,Christine Harrison,rubiojennifer@example.com,+1-498-597-9575x547,S0714
P0715,Leslie Curtis,nelsonbrett@example.org,001-977-721-5907x40876,S0715
P0716,Holly Henderson,larry77@example.net,(964)531-8656x118,S0716
P0717,Jennifer Nelson,patrick89@example.org,546-850-6301,S0717
P0718,James Moore,ckramer@example.net,411-902-0548,S0718
P0719,Jeffrey Chandler,marquezmaxwell@example.net,487.522.4133,S0719
P0720,Natalie Dodson,andrewcarlson@example.com,4384040450,S0720
P0721,Samuel Harris,vhill@example.org,(976)724-5892x49412,S0721
P0722,Martin Myers,ysanchez@example.net,001-516-588-0142x56423,S0722
P0723,Jerome Hill,mmartinez@example.com,001-616-280-2131x48921,S0723
P0724,Martha Cunningham,fgraham@example.com,(333)962-5048,S0724
P0725,Autumn Williams,danamelendez@example.org,951.397.9098,S0725
P0726,Melissa Madden,simsgeorge@example.org,544.686.3893x50223,S0726
P0727,Amber Hall,sandovalraymond@example.com,595-908-7324x20753,S0727
P0728,Paula Palmer,julia99@example.org,+1-410-486-6481x8203,S0728
P0729,Lisa Hancock,tchristian@example.com,001-640-481-3843,S0729
P0730,Mrs. Ashley Davis,kyang@example.net,(388)363-7068,S0730
P0731,Alyssa Cook,nataliehudson@example.net,001-722-628-2406x451,S0731
P0732,Katie Martin,paulmorris@example.com,001-261-390-9827x28501,S0732
P0733,Jason Valencia,nicholas25@example.org,982.507.2141,S0733
P0734,Laura Rodgers,kimberlywilliams@example.org,(412)436-8933,S0734
P0735,Michael Richardson,dianewaller@example.org,699-546-7471x21735,S0735
P0736,Robert Murphy,maria03@example.org,5809319465,S0736
P0737,Jeffrey Schaefer,millerdalton@example.net,207.292.5913x50940,S0737
P0738,George Alvarez,brittany41@example.com,245.561.3860x69182,S0738
P0739,Jessica Simmons MD,moniquegomez@example.com,226.763.8314x1122,S0739
P0740,Stephanie Hull,opatterson@example.org,8702574100,S0740
P0741,Mrs. Kelsey Horton,ryan33@example.com,(861)853-5405,S0741
P0742,Charles Fuller,carmenmccarty@example.com,+1-318-786-3286x848,S0742
P0743,Tyler Rice,watersjoshua@example.com,408-434-2896,S0743
P0744,Stephen Edwards,parrishmichelle@example.org,001-851-460-1725,S0744
P0745,Marc Rodriguez,charlestucker@example.net,001-582-530-6223x557,S0745
P0746,Michelle Cole,obrienmark@example.com,(249)844-5187,S0746
P0747,Mary Malone,anthony86@example.net,+1-534-347-7071x41584,S0747
P0748,Tyler Harper,robinsims@example.com,710-729-2942x3886,S0748
P0749,Sarah Thomas,simspatrick@example.com,9562281782,S0749
P0750,Elizabeth Cooper,barbarasolomon@example.net,001-491-562-9247x23479,S0750
P0751,Brian Johnson,rebeccagarza@example.org,243-285-7011x22350,S0751
P0752,Barbara Howard,ann25@example.org,(528)286-0096x06025,S0752
P0753,Melissa Cooper,smithjessica@example.com,683.686.7445,S0753
P0754,Matthew Ray,aspence@example.org,266.219.4995x31354,S0754
P0755,Katie Lopez,hugheselizabeth@example.net,+1-653-517-6217x4534,S0755
P0756,Leonard Aguilar,james39@example.net,+1-747-447-9666x8593,S0756
P0757,Jacob Jenkins,adam62@example.net,001-754-788-8745x879,S0757
P0758,Michael Smith,brookssamantha@example.org,8643998354,S0758
P0759,Deanna Payne,stephen66@example.net,8637124114,S0759
P0760,Antonio Williams,aaron37@example.net,+1-436-492-0655,S0760
P0761,Jeff Dunn DDS,hamptonfrank@example.net,7608180413,S0761
P0762,James Moore,angelflores@example.com,788-340-4139,S0762
P0763,Karen Mueller,david49@example.net,001-870-450-7599,S0763
P0764,Katie Lopez,fredmcclure@example.org,8066074049,S0764
P0765,Kelly Bryant,julia66@example.org,(609)335-2079,S0765
P0766,Donald Holt,melissacox@example.org,(651)407-0104x670,S0766
P0767,Jessica Hunter,vgomez@example.net,850.891.4839,S0767
P0768,Jordan Rivera,hicksjennifer@example.net,709-797-0389,S0768
P0769,Patrick Harris,matthew53@example.com,273-855-6829x39354,S0769
P0770,Sarah Jenkins,jesse29@example.net,952-621-8382,S0770
P0771,Lisa Davis,vpreston@example.com,001-586-586-8271x0640,S0771
P0772,Evan Hill,billlee@example.com,288.233.1325x09303,S0772
P0773,Dana Schneider,fieldsnicole@example.org,763.668.4912,S0773
P0774,Kerri Wise,dallen@example.net,(885)445-3719,S0774
P0775,Adam Spencer,maria06@example.org,(770)553-7535x13899,S0775
P0776,Alexander Burton,wilsonscott@example.org,258-588-8599x7350,S0776
P0777,Emily Holland,samantha77@example.com,806.452.9973x11422,S0777
P0778,Nicole Bentley,christopher93@example.net,001-983-445-8185x21337,S0778
P0779,David Edwards,kellerbrittany@example.net,+1-201-410-5883,S0779
P0780,Larry Hurley,william54@example.net,993.794.4446x88053,S0780
P0781,Greg Decker,dcaldwell@example.com,437.433.6410,S0781
P0782,Bonnie Chavez,martinrodney@example.net,5476488326,S0782
P0783,Alexandria Mccormick,thomasjohnson@example.net,001-700-353-2315x16006,S0783
P0784,Maria Santos,elizabeth97@example.com,001-686-883-6932x580,S0784
P0785,Lori Vazquez,billy79@example.org,9999889265,S0785
P0786,Donald Vargas,asmith@example.org,(963)487-2600,S0786
P0787,Kristen Baker,karla13@example.com,+1-658-568-0762x34275,S0787
P0788,Laura Mendez,pvalenzuela@example.org,+1-700-874-3858x350,S0788
P0789,Caitlyn Smith,jbishop@example.net,001-383-783-0691,S0789
P0790,Abigail Bailey,beckerdaniel@example.com,(953)493-3821,S0790
P0791,Christopher Hernandez,isaiahcook@example.com,793.801.4113x821,S0791
P0792,Jeremy Goodman,igriffin@example.org,237.568.6966x56919,S0792
P0793,Sara Mason,njones@example.net,614.906.2398,S0793
P0794,Julie Jones,ywright@example.org,457-339-6621x26784,S0794
P0795,Michael Austin,cathy06@example.net,6879770574,S0795
P0796,Lori Walker,natasharobles@example.org,966-502-1549,S0796
P0797,Robert Hall,sellersjennifer@example.org,(669)605-6812x0161,S0797
P0798,Anna Dominguez,gardnerpaul@example.com,626-527-1650,S0798
P0799,Elizabeth Mccoy,kimberly59@example.org,(991)463-4885x897,S0799
P0800,Mark Mcdonald,jonathangarcia@example.net,001-481-891-6373x265,S0800
P0801,Brett Brown,alvarezadriana@example.net,(525)841-9372,S0801
P0802,Alex Hudson,joseph58@example.com,426.614.2943,S0802
P0803,Wesley Mendoza,joshuamendez@example.com,985-298-5356x98667,S0803
P0804,Amy Morgan,thomaskaren@example.com,3063417693,S0804
P0805,Brian Dominguez,jamie89@example.net,+1-517-777-4629x925,S0805
P0806,Jeffrey Johnson,sabrinaroy@example.net,001-225-425-7521x04931,S0806
P0807,Emily Ray,william62@example.org,001-408-403-9267x58959,S0807
P0808,Barry Jones,isimmons@example.com,(438)810-2543,S0808
P0809,Jacob Mora,patrick42@example.org,+1-944-372-3409x37954,S0809
P0810,Jasmin Duncan,justin10@example.net,312.387.3366x0796,S0810
P0811,Samantha Cohen,erin77@example.com,+1-862-319-9538x44780,S0811
P0812,Scott Walters,bjohnson@example.org,(270)855-8119,S0812
P0813,Jennifer Perry,jroth@example.net,652.755.8227,S0813
P0814,Deborah Ortiz,patrickscott@example.com,378-414-5253x6123,S0814
P0815,Catherine Richardson,quinnlaura@example.com,(824)283-3821x91772,S0815
P0816,Samantha Thompson,maryrichards@example.net,5114915666,S0816
P0817,Shawna Garcia,peter84@example.com,960.548.3019,S0817
P0818,Zachary Lynch,shanehull@example.com,296.279.7260x431,S0818
P0819,Chase Weaver,stephaniehenry@example.org,(674)997-8411x0624,S0819
P0820,Gregory Reed,tmorris@example.net,923.512.6330,S0820
P0821,David Donaldson,jayjohnston@example.org,250-670-4242x8584,S0821
P0822,Deborah Blair,daniel82@example.com,001-511-583-0027x780,S0822
P0823,Denise Smith,nbishop@example.org,001-556-377-3945x7282,S0823
P0824,Gerald Martin,jacquelinenewman@example.com,(573)507-4129x458,S0824
P0825,Robin Davis,april20@example.net,951-600-9984,S0825
P0826,Rachel Graham,kennedyandrea@example.net,9448943837,S0826
P0827,Leslie White,traceymorales@example.com,3204936522,S0827
P0828,Raymond Fuller,harmonmichael@example.net,(513)237-9199x98653,S0828
P0829,Karen Watson,tbrooks@example.com,001-869-556-4699,S0829
P0830,Melissa Dean,justinrobinson@example.com,235.792.0981x711,S0830
P0831,Jeffery Rojas,jennifer50@example.com,4825672884,S0831
P0832,Brandon Smith,masonamanda@example.org,4346271107,S0832
P0833,Kathy Lyons,jamesreyes@example.net,(335)478-8999x9032,S0833
P0834,Xavier Marshall,schneiderwilliam@example.net,+1-469-302-4659x856,S0834
P0835,David Chang,cwells@example.org,(335)202-4544x41049,S0835
P0836,Natalie Williams,vasquezbrittany@example.net,001-826-665-5699x16093,S0836
P0837,Felicia Decker,carol55@example.net,919-600-2366,S0837
P0838,William Green,deannakim@example.org,646-940-0841,S0838
P0839,Donald Mendoza,tuckerjoshua@example.net,2946007206,S0839
P0840,John Gomez,woodslucas@example.com,001-565-813-3893x14044,S0840
P0841,Michael Delgado,krystal11@example.com,861-622-2891,S0841
P0842,Robert Odom,juanallen@example.com,665-467-6627x373,S0842
P0843,Stephen Clark,joday@example.com,001-519-741-6363x9744,S0843
P0844,Linda Myers,jon38@example.net,964.483.0110x245,S0844
P0845,Jill Taylor,zallen@example.net,991-444-5561x410,S0845
P0846,Antonio Mata,jimenezmichael@example.net,541.517.6413x04584,S0846
P0847,David Hawkins,mendozaadam@example.org,001-269-285-1739x3118,S0847
P0848,Cameron Fry,lisadavid@example.org,+1-448-593-9431,S0848
P0849,Isaac Harrington,bestbradley@example.net,+1-708-820-4884x399,S0849
P0850,John Perez,alex83@example.com,5618409467,S0850
P0851,Lisa Kim,stacy50@example.com,001-843-651-4198x254,S0851
P0852,Abigail Green,gibsonrobert@example.org,(349)603-9056x4370,S0852
P0853,Sean Sellers,codymcdaniel@example.net,491.532.8036x68868,S0853
P0854,Tiffany Johnson,deanna12@example.com,(414)538-4852x130,S0854
P0855,Joseph Mckinney,bhayes@example.org,001-795-767-0475x395,S0855
P0856,Aaron Palmer,sclark@example.org,+1-732-789-1326x11153,S0856
P0857,Joyce Johnson,breed@example.net,672.268.3763,S0857
P0858,Anna Baker,pamela63@example.org,268-637-8402x0608,S0858
P0859,Darlene Cisneros,oliverjohn@example.org,+1-331-473-0352x480,S0859
P0860,Timothy Glover,howelljeffrey@example.net,001-756-483-1991x229,S0860
P0861,Mr. David Mathews MD,garrett57@example.org,5388853760,S0861
P0862,Colleen Koch,watkinsamanda@example.com,907-314-6683,S0862
P0863,Andrew Odonnell,newmanbenjamin@example.net,587.685.5870,S0863
P0864,Walter Johnson,egray@example.com,3156939200,S0864
P0865,Kimberly Campbell,kingalicia@example.net,500-471-9136x09983,S0865
P0866,Jonathan Neal,john92@example.com,2396753981,S0866
P0867,Francisco Gomez,pwarren@example.com,929.686.1578x554,S0867
P0868,Adam Melendez,petervillarreal@example.com,254-277-5617x777,S0868
P0869,Roger Wade,colleen62@example.com,339.670.2914x33905,S0869
P0870,David Gray,jerryhampton@example.net,(685)239-6159x29734,S0870
P0871,Kenneth Brown,jonathan31@example.org,4473605486,S0871
P0872,Kimberly Baker,carolhughes@example.com,(972)439-1514,S0872
P0873,Nicole West,ehernandez@example.net,(594)805-7454x7721,S0873
P0874,Seth Cantrell,randallingram@example.org,001-447-903-1343x13659,S0874
P0875,Jon Meyer,ricky44@example.net,(261)444-4171x7957,S0875
P0876,Lindsey Gardner,samuelpennington@example.org,+1-848-867-9395x057,S0876
P0877,Mary Tyler,anthony18@example.net,771.410.6252x518,S0877
P0878,Patrick Jones,randy89@example.org,(756)489-7557x697,S0878
P0879,Gary Morrow,martin89@example.org,488.426.4030,S0879
P0880,Colleen Keller DVM,kellybrown@example.org,(302)634-7366x52230,S0880
P0881,John Howard,elizabeth36@example.net,624.227.6201x78679,S0881
P0882,Claire Lopez,hpark@example.com,221-817-1104,S0882
P0883,Alexander Townsend,mark46@example.com,(796)255-5866x7273,S0883
P0884,Troy Brady,leslie53@example.com,264-617-8302x8591,S0884
P0885,Albert Smith MD,johnadams@example.com,374-686-2152,S0885
P0886,Samantha Kramer,markgallagher@example.com,952-402-4607x030,S0886
P0887,Allison Garcia,grayjonathan@example.com,553-736-5624x20944,S0887
P0888,Ashley Hernandez,noah44@example.org,+1-908-979-3869x079,S0888
P0889,Joanna Mcbride,bryan80@example.com,660.963.8651,S0889
P0890,Michael Stanley,bakerchristopher@example.org,(718)453-2138,S0890
P0891,Christopher Young,cynthiawilliamson@example.com,(224)558-0982x960,S0891
P0892,Melissa Campbell,tonyascott@example.org,384-809-2726,S0892
P0893,Carlos Webster,anthonyclark@example.net,(671)952-0346,S0893
P0894,Christopher Bates,gchandler@example.net,(775)373-7332x2903,S0894
P0895,Traci Rodriguez,scottjohnson@example.org,203.577.1095x50344,S0895
P0896,Adam Reynolds,tmassey@example.net,549-700-4703x3829,S0896
P0897,Jonathan James,andrea25@example.com,649-966-2288x13125,S0897
P0898,David Wilson,bryanmadden@example.com,+1-648-323-6341x70100,S0898
P0899,Diane Jones,edward53@example.com,(312)725-5285x442,S0899
P0900,Theodore Jacobs,tiffanyhicks@example.org,425-616-8567x9362,S0900
P0901,Julie Thomas,amber25@example.org,+1-685-980-0868x7640,S0901
P0902,John Robinson,jeffharper@example.net,001-528-883-8952x48607,S0902
P0903,Nathaniel Jackson,james25@example.org,001-639-987-5623,S0903
P0904,Todd Hernandez,michael46@example.net,(949)616-3503,S0904
P0905,Victor Davis,robertmorgan@example.com,(571)609-4356x9398,S0905
P0906,Thomas Brown,hoffmanrobert@example.org,+1-972-249-5877x3621,S0906
P0907,Jane Jackson,paulcasey@example.org,001-305-974-4805x118,S0907
P0908,Robert Mcdonald,perezvictor@example.com,001-846-999-5177,S0908
P0909,Shannon Suarez,andersonanthony@example.org,219.320.8555x831,S0909
P0910,Tyler Jimenez,henryjennifer@example.com,4179548332,S0910
P0911,David Martinez,candace79@example.org,6073319910,S0911
P0912,Patricia Hall,russelljoshua@example.org,(448)652-6180,S0912
P0913,Jay Peterson,vgreen@example.net,9452180133,S0913
P0914,Nathan Byrd II,mooredaniel@example.com,496.249.9718,S0914
P0915,Veronica Harrison,codycarroll@example.org,(588)289-3312x444,S0915
P0916,Matthew Ward,cynthiafoster@example.net,833.421.7074,S0916
P0917,Richard Campbell,penny66@example.com,+1-847-457-0693x1455,S0917
P0918,Erin Williams,jonesbenjamin@example.org,(779)995-6104x83690,S0918
P0919,Gabriel Joseph,trujillodenise@example.org,757.486.7012x98801,S0919
P0920,Debbie Bell,kevinhill@example.org,001-694-838-5078x304,S0920
P0921,Timothy Kim,mortoncrystal@example.org,494-786-8968,S0921
P0922,Morgan Mccall,jessica09@example.net,436.414.3311x73416,S0922
P0923,Michael Oconnor,johnhodges@example.net,(532)533-0529,S0923
P0924,Tracey Gomez,ramseywilliam@example.com,001-496-244-6059x70101,S0924
P0925,Kimberly Smith,olsonjared@example.net,789.607.0831x508,S0925
P0926,Kyle Guerrero,zhart@example.org,519.332.1760x416,S0926
P0927,Patrick Rivera,kyle23@example.org,739-692-6657,S0927
P0928,Donna Wise,morrisongregory@example.com,860.643.3970,S0928
P0929,Erica Blair,mary90@example.com,+1-234-241-2134,S0929
P0930,Deborah Carrillo,tstrong@example.net,001-322-391-6623,S0930
P0931,Rebecca Hawkins,lindsayfitzpatrick@example.com,001-925-673-8254x3434,S0931
P0932,Leslie Henderson,awebb@example.com,(859)886-9927x66595,S0932
P0933,Christie Petersen,katherinemorris@example.org,(711)232-3191,S0933
P0934,Lawrence Wilson,nathaniel04@example.org,(552)896-7795,S0934
P0935,Joe Taylor,amanda44@example.org,349-387-7940,S0935
P0936,Joshua Tucker,aguirrethomas@example.com,+1-504-329-8506x782,S0936
P0937,Jeffrey Knox,hcox@example.com,001-415-419-7667x592,S0937
P0938,Sara Morrow,leah17@example.com,(701)904-4211,S0938
P0939,Matthew Rowe,harristimothy@example.org,+1-310-894-8859x34768,S0939
P0940,Richard Burnett,ashley50@example.net,001-270-875-6153x73892,S0940
P0941,John Mcmillan,mirandaaaron@example.org,733.355.7433,S0941
P0942,Jason Casey,lisadudley@example.org,(603)226-3597,S0942
P0943,Lisa Fernandez,gilbertscott@example.org,001-524-276-8212,S0943
P0944,Jeffrey Hall,abonilla@example.org,883-749-0800,S0944
P0945,Frank Mclaughlin,gstephens@example.net,6036096239,S0945
P0946,Christian Harris,fernando87@example.com,001-987-734-7668x4482,S0946
P0947,Steven Steele,james99@example.com,+1-786-695-7483x49617,S0947
P0948,Christopher Dunn,rileyrebecca@example.net,471-317-2002,S0948
P0949,Dr. Brenda Myers,taylortamara@example.com,(206)850-3346,S0949
P0950,Brandon Martin,ssteele@example.net,001-466-262-2819x657,S0950
P0951,Norman Lopez,andreajohnson@example.org,(425)988-1772x223,S0951
P0952,Dr. Andrea Stephens DVM,danielguerra@example.com,(881)331-7639x92415,S0952
P0953,Karen Griffin,brittneyjones@example.com,001-901-335-6854x920,S0953
P0954,Daniel Adams,lisa89@example.com,591-867-7775,S0954
P0955,Donald Romero,deanna51@example.org,001-231-305-9268,S0955
P0956,Emily Greer,icampbell@example.net,+1-793-575-4619x949,S0956
P0957,Travis Baker,agraham@example.com,(248)581-4435x081,S0957
P0958,Zachary Fox,psanchez@example.com,8936041963,S0958
P0959,Jacob Miller,allenmark@example.net,201.205.2613x4483,S0959
P0960,Jay Roberts,moorejennifer@example.net,8648312221,S0960
P0961,Samuel Stevens,marshgrant@example.net,8037113396,S0961
P0962,Shawn Rodriguez,andrew73@example.com,8372847925,S0962
P0963,David Clements,william08@example.com,+1-237-401-3644x16978,S0963
P0964,Jason Daniel,knightjoseph@example.com,237-889-3717x60768,S0964
P0965,David Adams,lbryant@example.org,(911)304-8388x698,S0965
P0966,Anthony Jimenez,kellis@example.com,+1-359-790-5561x0082,S0966
P0967,Eduardo Davis,cindy10@example.org,001-993-774-5973x0349,S0967
P0968,Anna Levine,paynemichelle@example.org,(541)518-7837x37426,S0968
P0969,Kenneth Deleon,susanmendoza@example.com,553-333-8053x10398,S0969
P0970,Maureen Barnett,patricia22@example.org,948-989-6621,S0970
P0971,Laura Smith,jeremy83@example.net,(828)987-2952,S0971
P0972,Robert Cobb,kellymccullough@example.org,8086197607,S0972
P0973,Herbert Graves,sarahhudson@example.com,+1-222-799-0860x431,S0973
P0974,Jennifer Wilkerson,john48@example.net,+1-530-816-9727,S0974
P0975,Donald Johnson,johnathancordova@example.com,(481)403-2161x19574,S0975
P0976,Briana Martin,shawjustin@example.org,+1-802-243-7563x584,S0976
P0977,Joseph King,ricardo01@example.com,(772)495-8113x64002,S0977
P0978,Caitlin Hunter,katherinerobinson@example.com,001-279-377-6089x886,S0978
P0979,Michael French,jacquelinemcdonald@example.net,+1-695-417-7821x2390,S0979
P0980,Breanna Moore,erika19@example.com,001-785-444-5547x54263,S0980
P0981,Robert Adams,willieerickson@example.org,001-339-712-1412,S0981
P0982,Aaron Kramer IV,zmccann@example.net,+1-620-369-0595x4366,S0982
P0983,Gabriella Taylor,dward@example.com,+1-897-447-6460,S0983
P0984,Marcia Howell,randy81@example.com,001-264-505-1310x489,S0984
P0985,Amanda Maynard,cboyer@example.com,414.704.2635,S0985
P0986,Jose Rush,tanya02@example.com,(979)629-6058x24136,S0986
P0987,Michelle Burke,hansencraig@example.org,+1-850-914-2597x54406,S0987
P0988,Mark Barrett,reynoldsdonna@example.org,806.494.0913x51735,S0988
P0989,Anthony Lopez,sharonmedina@example.com,(275)348-3382x216,S0989
P0990,Jonathan Edwards,tmiller@example.net,285.983.2120,S0990
P0991,Janet Morris,ejuarez@example.org,001-901-846-7161x75204,S0991
P0992,Jared Newman,cwilliamson@example.net,(206)504-9185x73425,S0992
P0993,Sarah Rose,qcoffey@example.org,575.366.1490,S0993
P0994,Amanda Clark,oharris@example.com,001-963-626-7637x085,S0994
P0995,Andrew Collins,debrabush@example.net,265-397-3628x323,S0995
P0996,Dana Pena,robertreilly@example.net,364.833.7546x3234,S0996
P0997,Amanda Case,christopher23@example.com,811.594.2734x784,S0997
P0998,Jasmine Brown,kellypaul@example.net,330.379.0014,S0998
P0999,Sarah Thomas,courtney78@example.com,652.842.3660,S0999
P1000,Victoria Robles,stephanie54@example.org,(379)439-7269x02045,S1000
